BRAND,CATEGORY,SUB CATEGORY,SKU,Description,Processor,Connectivity,Memory,Storage,Colour,Display,ALP Inc VAT
APPLE,ACCESSORIES,Power & Cables,MA591ZM/C,Apple 30-pin to USB Cable,,,,,,,"1,800.00"
APPLE,ACCESSORIES,Power & Cables,MC556HN/B,Apple 85W MagSafe Power Adapter (for 15- and 17-inch MacBook Pro),,,,,,,"7,500.00"
APPLE,ACCESSORIES,Power & Cables,MC9C4ZM/A,Thunderbolt 5 (USB‑C) Pro Cable (1 m),,,,,,,"6,900.00"
APPLE,ACCESSORIES,Power & Cables,MD504ZM/A,Apple MagSafe to MagSafe 2 Converter,,,,,,,"1,000.00"
APPLE,ACCESSORIES,Power & Cables,MD565HN/A,Apple 60W MagSafe 2 Power Adapter (MacBook Pro with 13-inch Retina display),,,,,,,"7,500.00"
APPLE,ACCESSORIES,Power & Cables,MD592HN/A,Apple 45W MagSafe 2 Power Adapter (for MacBook Air),,,,,,,"7,500.00"
APPLE,ACCESSORIES,Power & Cables,MD819ZM/A,Lightning to USB Cable (2 m),,,,,,,"2,900.00"
APPLE,ACCESSORIES,Power & Cables,MD821ZM/A,Lightning to USB Camera Adapter,,,,,,,"2,900.00"
APPLE,ACCESSORIES,Power & Cables,MD825ZM/A,Lightning to VGA Adapter,,,,,,,"5,500.00"
APPLE,ACCESSORIES,Mice & Keyboards,MDFV4HN/A,Magic Keyboard for iPad Air 11-inch (M3) - US English - White,,,,,,,"26,900.00"
APPLE,ACCESSORIES,Mice & Keyboards,MDFW4HN/A,Magic Keyboard for iPad Air 13-inch (M3) - US English - White,,,,,,,"29,900.00"
APPLE,ACCESSORIES,Power & Cables,ME291ZM/A,Lightning to USB Cable (0.5 m),,,,,,,"1,800.00"
APPLE,ACCESSORIES,Power & Cables,MGN03HN/A,Apple 12W USB Power Adapter,,,,,,,"1,900.00"
APPLE,ACCESSORIES,Power & Cables,MJ1L2ZM/A,USB-C VGA Multiport Adapter,,,,,,,"6,800.00"
APPLE,ACCESSORIES,HomePod,MJ2C3HN/A,HomePod mini - Blue,,,,,,,"10,900.00"
APPLE,ACCESSORIES,HomePod,MJ2D3HN/A,HomePod mini - Orange,,,,,,,"10,900.00"
APPLE,ACCESSORIES,HomePod,MJ2E3HN/A,HomePod mini - Yellow,,,,,,,"10,900.00"
APPLE,ACCESSORIES,Power & Cables,MJYT2ZM/A,Lightning to SD Card Camera Reader,,,,,,,"2,900.00"
APPLE,ACCESSORIES,Power & Cables,ML8M2HN/A,Apple 5W USB Power Adapter,,,,,,,"1,900.00"
APPLE,ACCESSORIES,Power & Cables,MMX62ZM/A,Lightning to 3.5 mm Headphone Jack Adapter,,,,,,,900.00
APPLE,ACCESSORIES,Apple TV,MN873HN/A,Apple TV 4K Wi‑Fi with 64GB storage,,,,,,,"14,900.00"
APPLE,ACCESSORIES,Apple TV,MN893HN/A,Apple TV 4K Wi‑Fi + Ethernet with 128GB storage,,,,,,,"16,900.00"
APPLE,ACCESSORIES,Mice & Keyboards,MQDP3HN/A,Magic Keyboard Folio for iPad (A16) - US English,,,,,,,"24,900.00"
APPLE,ACCESSORIES,HomePod,MQJ73HN/A,HomePod - Midnight,,,,,,,"32,900.00"
APPLE,ACCESSORIES,HomePod,MQJ83HN/A,HomePod - White,,,,,,,"32,900.00"
APPLE,ACCESSORIES,Power & Cables,MR2C2ZM/A,Lightning to 3.5mm Audio Cable (1.2m) - Black,,,,,,,"3,800.00"
APPLE,ACCESSORIES,Apple Watch Accessories,MT0H3ZM/A,Apple Watch Magnetic Fast Charger to USB-C Cable (1 m),,,,,,,"2,900.00"
APPLE,ACCESSORIES,HomePod,MTJT3HN/A,HomePod mini - Midnight,,,,,,,"10,900.00"
APPLE,ACCESSORIES,AirPods,MTJV3HN/A,AirPods Pro 2,,,,,,,"24,900.00"
APPLE,ACCESSORIES,Power & Cables,MUQ93ZM/A,USB-C to Lightning Cable (1m),,,,,,,"1,900.00"
APPLE,ACCESSORIES,Power & Cables,MUQW3ZM/A,Lightning to USB Cable (1m),,,,,,,"1,800.00"
APPLE,ACCESSORIES,Power & Cables,MUQX3ZM/A,USB-C to Lightning Adapter,,,,,,,"2,900.00"
APPLE,ACCESSORIES,Power & Cables,MUVR3HN/A,20W USB-C Power Adapter,,,,,,,"1,900.00"
APPLE,ACCESSORIES,Apple iPad Accessories,MUWA3ZM/A,Apple Pencil (USB-C),,,,,,,"7,900.00"
APPLE,ACCESSORIES,Power & Cables,MW2G3HN/A,30W USB-C Power Adapter,,,,,,,"3,800.00"
APPLE,ACCESSORIES,Power & Cables,MW2K3HN/A,35W Dual USB-C Power Adapter,,,,,,,"5,800.00"
APPLE,ACCESSORIES,Power & Cables,MW2L3HN/A,96W USB-C Power Adapter,,,,,,,"7,500.00"
APPLE,ACCESSORIES,Power & Cables,MW2M3HN/A,140W USB-C Power Adapter,,,,,,,"9,500.00"
APPLE,ACCESSORIES,Power & Cables,MW2N3HN/A,Power Adapter Extension Cable,,,,,,,"1,900.00"
APPLE,ACCESSORIES,Power & Cables,MW2P3ZM/A,Lightning to Digital AV Adapter,,,,,,,"5,500.00"
APPLE,ACCESSORIES,Power & Cables,MW2Q3ZM/A,USB-C to 3.5 mm Headphone Jack Adapter,,,,,,,900.00
APPLE,ACCESSORIES,Power & Cables,MW2R3ZM/A,USB-C to Lightning Cable (2 m),,,,,,,"2,900.00"
APPLE,ACCESSORIES,Power & Cables,MW493ZM/A,60W USB-C Charge Cable (1m),,,,,,,"1,900.00"
APPLE,ACCESSORIES,Power & Cables,MW5H3ZM/A,Thunderbolt 4 (USB‑C) Pro Cable (3 m),,,,,,,"15,900.00"
APPLE,ACCESSORIES,Power & Cables,MW5J3ZM/A,Thunderbolt 4 (USB‑C) Pro Cable (1.8 m),,,,,,,"12,900.00"
APPLE,ACCESSORIES,Power & Cables,MW5L3ZM/A,USB-C to USB Adapter,,,,,,,"1,900.00"
APPLE,ACCESSORIES,Power & Cables,MW5M3ZM/A,USB-C Digital AV Multiport Adapter,,,,,,,"6,900.00"
APPLE,ACCESSORIES,Power & Cables,MW613ZM/A,USB-C to MagSafe 3 Cable (2m) - Silver,,,,,,,"4,900.00"
APPLE,ACCESSORIES,Power & Cables,MW653ZM/A,USB-C to SD Card Reader,,,,,,,"4,000.00"
APPLE,ACCESSORIES,Power & Cables,MW6A3ZM/A,Apple Watch Magnetic Charging Cable (1 m),,,,,,,"2,900.00"
APPLE,ACCESSORIES,Apple iPad Accessories,MWML3ZM/A,USB-C to Apple Pencil Adapter,,,,,,,900.00
APPLE,ACCESSORIES,Mice & Keyboards,MWR03HN/A,Magic Keyboard for iPad Pro 11‑inch (M4) - US English - White,,,,,,,"29,900.00"
APPLE,ACCESSORIES,Mice & Keyboards,MWR23HN/A,Magic Keyboard for iPad Pro 11‑inch (M4) - US English - Black,,,,,,,"29,900.00"
APPLE,ACCESSORIES,Mice & Keyboards,MWR43HN/A,Magic Keyboard for iPad Pro 13‑inch (M4) - US English - White,,,,,,,"33,900.00"
APPLE,ACCESSORIES,Mice & Keyboards,MWR53HN/A,Magic Keyboard for iPad Pro 13‑inch (M4) - US English - Black,,,,,,,"33,900.00"
APPLE,ACCESSORIES,Apple iPhone Accessories,MWTY3ZM/A,EarPods (Lightning Connector),,,,,,,"2,000.00"
APPLE,ACCESSORIES,Apple iPhone Accessories,MWU53ZM/A,Earpods (3.5mm Headphone Plug),,,,,,,"2,000.00"
APPLE,ACCESSORIES,AirPods,MWW43HN/A,AirPods Max - Midnight,,,,,,,"59,900.00"
APPLE,ACCESSORIES,AirPods,MWW53HN/A,AirPods Max - Starlight,,,,,,,"59,900.00"
APPLE,ACCESSORIES,AirPods,MWW63HN/A,AirPods Max - Blue,,,,,,,"59,900.00"
APPLE,ACCESSORIES,AirPods,MWW73HN/A,AirPods Max - Orange,,,,,,,"59,900.00"
APPLE,ACCESSORIES,AirPods,MWW83HN/A,AirPods Max - Purple,,,,,,,"59,900.00"
APPLE,ACCESSORIES,Apple iPad Accessories,MX2D3ZM/A,Apple Pencil Pro,,,,,,,"11,900.00"
APPLE,ACCESSORIES,Mice & Keyboards,MX3L2HN/A,Smart Keyboard for iPad (9th generation),,,,,,,"15,900.00"
APPLE,ACCESSORIES,AirTag,MX532ZM/A,AirTag (1 Pack),,,,,,,"3,490.00"
APPLE,ACCESSORIES,AirTag,MX542ZM/A,AirTag (4 Pack),,,,,,,"11,900.00"
APPLE,ACCESSORIES,Power & Cables,MX5J3ZM/A,Lightning to USB 3 Camera Adapter,,,,,,,"4,000.00"
APPLE,ACCESSORIES,Power & Cables,MX6X3ZM/A,MagSafe Charger (1 m),,,,,,,"4,500.00"
APPLE,ACCESSORIES,Power & Cables,MX6Y3ZM/A,MagSafe Charger (2 m),,,,,,,"5,500.00"
APPLE,ACCESSORIES,Mice & Keyboards,MXCJ3HN/A,Magic Keyboard with Numeric Keypad - US English - Silver,,,,,,,"12,500.00"
APPLE,ACCESSORIES,Mice & Keyboards,MXCK3HN/A,Magic Keyboard with Touch ID for Mac models with Apple silicon (USB–C) - US English,,,,,,,"14,500.00"
APPLE,ACCESSORIES,Mice & Keyboards,MXCL3HN/A,Magic Keyboard (USB–C) - US English,,,,,,,"9,500.00"
APPLE,ACCESSORIES,Power & Cables,MXK22ZM/A,Lightning to 3.5 mm Audio Cable (1.2m) - White,,,,,,,"3,800.00"
APPLE,ACCESSORIES,Mice & Keyboards,MXK53ZM/A,Magic Mouse - White Multi-Touch Surface,,,,,,,"7,500.00"
APPLE,ACCESSORIES,Mice & Keyboards,MXK63ZM/A,Magic Mouse - Black Multi-Touch Surface,,,,,,,"9,500.00"
APPLE,ACCESSORIES,Mice & Keyboards,MXK73HN/A,Magic Keyboard with Touch ID and Numeric Keypad for Mac models with Apple silicon - US English - White Keys,,,,,,,"17,500.00"
APPLE,ACCESSORIES,Mice & Keyboards,MXK83HN/A,Magic Keyboard with Touch ID and Numeric Keypad for Mac models with Apple silicon - US English - Black Keys,,,,,,,"19,500.00"
APPLE,ACCESSORIES,Mice & Keyboards,MXK93ZM/A,Magic Trackpad - White Multi-Touch Surface,,,,,,,"12,500.00"
APPLE,ACCESSORIES,Mice & Keyboards,MXKA3ZM/A,Magic Trackpad - Black Multi-Touch Surface,,,,,,,"14,500.00"
APPLE,ACCESSORIES,Apple iPad Accessories,MXN43HN/A,Apple Pencil (2nd Generation),,,,,,,"11,900.00"
APPLE,ACCESSORIES,Power & Cables,MXN53HN/A,70W USB-C Power Adapter,,,,,,,"5,800.00"
APPLE,ACCESSORIES,Mice & Keyboards,MXNK2HN/A,Smart Keyboard Folio for iPad Pro 11-inch (4th generation) and iPad Air (5th generation) - US English,,,,,,,"17,900.00"
APPLE,ACCESSORIES,Mice & Keyboards,MXNL2HN/A,Smart Keyboard Folio for 12.9-inch iPad Pro (6th generation),,,,,,,"19,900.00"
APPLE,ACCESSORIES,AirPods,MXP63HN/A,AirPods 4,,,,,,,"12,900.00"
APPLE,ACCESSORIES,AirPods,MXP93HN/A,AirPods 4 with Active Noise Cancellation,,,,,,,"17,900.00"
APPLE,ACCESSORIES,HomePod,MY5H2HN/A,HomePod mini - White,,,,,,,"10,900.00"
APPLE,ACCESSORIES,Power & Cables,MYH83HN/A,Apple 85W MagSafe 2 Power Adapter (for MacBook Pro with Retina display),,,,,,,"7,500.00"
APPLE,ACCESSORIES,Power & Cables,MYH93ZM/A,Thunderbolt 3 (USB-C) to Thunderbolt 2 Adapter,,,,,,,"4,900.00"
APPLE,ACCESSORIES,Apple Mac Accessories,MYJG3HN/A,Apple Studio Display - Standard Glass - Tilt-Adjustable Stand,,,,,,,"159,900.00"
APPLE,ACCESSORIES,Apple Mac Accessories,MYJK3HN/A,Apple Studio Display - Nano-Texture Glass - Tilt-Adjustable Stand,,,,,,,"189,900.00"
APPLE,ACCESSORIES,Power & Cables,MYQT3ZM/A,240W USB-C Charge Cable (2 m),,,,,,,"2,900.00"
APPLE,ACCESSORIES,Apple iPad Accessories,MYQW3HN/A,Apple Pencil (1st Generation),,,,,,,"9,500.00"
APPLE,ACCESSORIES,Apple iPhone Accessories,MYQY3ZM/A,EarPods (USB-C),,,,,,,"2,000.00"
APPLE,APPLE CARE,HomePod APPLE CARE,S6446HN/A,AppleCare+ for HomePod,,,,,,,"3,900.00"
APPLE,APPLE CARE,APPLE TV APPLE CARE,S9634HN/A,AppleCare+ for Apple TV,,,,,,,"2,900.00"
APPLE,APPLE CARE,iPad AppleCare,S8402HN/A,AppleCare+ for 10.5-inch iPad Pro,,,,,,,"15,900.00"
APPLE,APPLE CARE,iPad AppleCare,S8403HN/A,AppleCare+ for 11-inch iPad Pro,,,,,,,"12,900.00"
APPLE,APPLE CARE,iPad AppleCare,S8404HN/A,AppleCare+ for 12.9-inch iPad Pro (4th gen. & earlier),,,,,,,"12,900.00"
APPLE,APPLE CARE,iPad AppleCare,S8622HN/A,AppleCare+ for iPad Air (4th generation),,,,,,,"6,900.00"
APPLE,APPLE CARE,iPad AppleCare,S9865HN/A,AppleCare+ for 12.9-inch iPad Pro (5th gen.),,,,,,,"15,900.00"
APPLE,APPLE CARE,iPad AppleCare,SCLH2HN/A,AppleCare+ for iPad mini (6th generation),,,,,,,"6,900.00"
APPLE,APPLE CARE,iPad AppleCare,SCM32HN/A,AppleCare+ for 10.2-inch iPad (9th generation),,,,,,,"6,900.00"
APPLE,APPLE CARE,iPad AppleCare,SEJD2HN/A,AppleCare+ for iPad Air (5th generation),,,,,,,"7,900.00"
APPLE,APPLE CARE,iPad AppleCare,SGFC2HN/A,AppleCare+ for iPad (10th generation),,,,,,,"6,900.00"
APPLE,APPLE CARE,iPad AppleCare,SGG22HN/A,AppleCare+ for iPad Pro 11-inch (4th generation),,,,,,,"12,900.00"
APPLE,APPLE CARE,iPad AppleCare,SGGY2HN/A,AppleCare+ for iPad Pro 12.9-inch (6th generation),,,,,,,"15,900.00"
APPLE,APPLE CARE,iPad AppleCare,SM2A2HN/A,AppleCare+ for iPad Air 13-inch (M2),,,,,,,"9,900.00"
APPLE,APPLE CARE,iPad AppleCare,SM2V2HN/A,AppleCare+ for iPad Air 11-inch (M2),,,,,,,"7,900.00"
APPLE,APPLE CARE,iPad AppleCare,SM2W2HN/A,AppleCare+ for iPad Pro 13-inch (M4),,,,,,,"17,900.00"
APPLE,APPLE CARE,iPad AppleCare,SM2X2HN/A,AppleCare+ for iPad Pro 11-inch (M4),,,,,,,"15,900.00"
APPLE,APPLE CARE,iPad AppleCare,SNGN2HN/A,AppleCare+ for iPad mini (A17 Pro),,,,,,,"6,900.00"
APPLE,APPLE CARE,iPad AppleCare,SUYD2HN/A,AppleCare+ for iPad (A16),,,,,,,"6,900.00"
APPLE,APPLE CARE,iPad AppleCare,SV072HN/A,AppleCare+ for iPad Air 11-inch (M3),,,,,,,"7,900.00"
APPLE,APPLE CARE,iPad AppleCare,SV172HN/A,AppleCare+ for iPad Air 13-inch (M3),,,,,,,"9,900.00"
APPLE,APPLE CARE,iPhone AppleCare,S8406HN/A,AppleCare+ for iPhone 11,,,,,,,"14,900.00"
APPLE,APPLE CARE,iPhone AppleCare,S8945HN/A,AppleCare+ for iPhone 12,,,,,,,"14,900.00"
APPLE,APPLE CARE,iPhone AppleCare,SCMP2HN/A,AppleCare+ for iPhone 13 mini,,,,,,,"14,900.00"
APPLE,APPLE CARE,iPhone AppleCare,SCMQ2HN/A,AppleCare+ for iPhone 13,,,,,,,"14,900.00"
APPLE,APPLE CARE,iPhone AppleCare,SCMR2HN/A,AppleCare+ for iPhone 13 Pro,,,,,,,"20,900.00"
APPLE,APPLE CARE,iPhone AppleCare,SCMT2HN/A,AppleCare+ for iPhone 13 Pro Max,,,,,,,"20,900.00"
APPLE,APPLE CARE,iPhone AppleCare,SEH92HN/A,AppleCare+ for iPhone SE (3rd generation),,,,,,,"7,900.00"
APPLE,APPLE CARE,iPhone AppleCare,SFYT2HN/A,AppleCare+ for iPhone 14 Plus,,,,,,,"17,900.00"
APPLE,APPLE CARE,iPhone AppleCare,SFYU2HN/A,AppleCare+ for iPhone 14,,,,,,,"14,900.00"
APPLE,APPLE CARE,iPhone AppleCare,SFYV2HN/A,AppleCare+ for iPhone 14 Pro,,,,,,,"20,900.00"
APPLE,APPLE CARE,iPhone AppleCare,SFYW2HN/A,AppleCare+ for iPhone 14 Pro Max,,,,,,,"20,900.00"
APPLE,APPLE CARE,iPhone AppleCare,SJRQ2HN/A,AppleCare+ for iPhone 15,,,,,,,"14,900.00"
APPLE,APPLE CARE,iPhone AppleCare,SJT42HN/A,AppleCare+ for iPhone 15 Plus,,,,,,,"17,900.00"
APPLE,APPLE CARE,iPhone AppleCare,SJT92HN/A,AppleCare+ for iPhone 15 Pro,,,,,,,"20,900.00"
APPLE,APPLE CARE,iPhone AppleCare,SJTJ2HN/A,AppleCare+ for iPhone 15 Pro Max,,,,,,,"20,900.00"
APPLE,APPLE CARE,iPhone AppleCare,SNHA2HN/A,AppleCare+ for iPhone 16,,,,,,,"14,900.00"
APPLE,APPLE CARE,iPhone AppleCare,SNHP2HN/A,AppleCare+ for iPhone 16 Plus,,,,,,,"17,900.00"
APPLE,APPLE CARE,iPhone AppleCare,SNHV2HN/A,AppleCare+ for iPhone 16 Pro,,,,,,,"20,900.00"
APPLE,APPLE CARE,iPhone AppleCare,SNJ22HN/A,AppleCare+ for iPhone 16 Pro Max,,,,,,,"20,900.00"
APPLE,APPLE CARE,iPhone AppleCare,ST3V2HN/A,AppleCare+ for iPhone 16e,,,,,,,"10,900.00"
APPLE,APPLE CARE,Mac AppleCare,S9688HN/A,AppleCare+ for iMac,,,,,,,"16,900.00"
APPLE,APPLE CARE,Mac AppleCare,S9703HN/A,AppleCare+ for Mac mini,,,,,,,"9,900.00"
APPLE,APPLE CARE,Mac AppleCare,S9736HN/A,AppleCare+ for 13-inch MacBook Pro (M1),,,,,,,"22,900.00"
APPLE,APPLE CARE,Mac AppleCare,S9764HN/A,AppleCare+ for 13-inch MacBook Pro (Intel),,,,,,,"24,900.00"
APPLE,APPLE CARE,Mac AppleCare,S9775HN/A,AppleCare+ for 16-inch MacBook Pro (Intel),,,,,,,"33,900.00"
APPLE,APPLE CARE,AppleCare for MACBOOK AIR M1,S9788HN/A,AppleCare+ for 13-inch MacBook Air (M1),,,,,,,"17,900.00"
APPLE,APPLE CARE,Mac AppleCare,SCPG2HN/A,AppleCare+ for 14-inch MacBook Pro,,,,,,,"26,900.00"
APPLE,APPLE CARE,Mac AppleCare,SDYP2HN/A,AppleCare+ for 16-inch MacBook Pro (M1),,,,,,,"37,900.00"
APPLE,APPLE CARE,Mac AppleCare,SELQ2HN/A,AppleCare+ for Mac Studio,,,,,,,"16,900.00"
APPLE,APPLE CARE,Mac AppleCare,SF8C2HN/A,AppleCare+ for 13‑inch MacBook Air (M2),,,,,,,"17,900.00"
APPLE,APPLE CARE,Mac AppleCare,SF932HN/A,AppleCare+ for 13-inch MacBook Pro (M2),,,,,,,"22,900.00"
APPLE,APPLE CARE,Mac AppleCare,SGAQ2HN/A,AppleCare+ for 14‑inch MacBook Pro (M2),,,,,,,"26,900.00"
APPLE,APPLE CARE,Mac AppleCare,SGCT2HN/A,AppleCare+ for 16‑inch MacBook Pro (M2),,,,,,,"37,900.00"
APPLE,APPLE CARE,Mac AppleCare,SGQQ2HN/A,AppleCare+ for Mac mini (M2),,,,,,,"9,900.00"
APPLE,APPLE CARE,Mac AppleCare,SJFY2HN/A,AppleCare+ for 15‑inch MacBook Air (M2),,,,,,,"21,900.00"
APPLE,APPLE CARE,Mac AppleCare,SJGC2HN/A,AppleCare+ for Mac Studio (M2),,,,,,,"16,900.00"
APPLE,APPLE CARE,Mac AppleCare,SJGQ2HN/A,AppleCare+ for Mac Pro (M2),,,,,,,"49,900.00"
APPLE,APPLE CARE,Mac AppleCare,SL9K2HN/A,AppleCare+ for 14‑inch MacBook Pro (M3),,,,,,,"26,900.00"
APPLE,APPLE CARE,Mac AppleCare,SL9L2HN/A,AppleCare+ for 14-in MB Pro (M3 Pro/M3 Max),,,,,,,"26,900.00"
APPLE,APPLE CARE,Mac AppleCare,SL9M2HN/A,AppleCare+ for 16‑inch MacBook Pro (M3),,,,,,,"37,900.00"
APPLE,APPLE CARE,Mac AppleCare,SLA62HN/A,AppleCare+ for iMac (M3),,,,,,,"16,900.00"
APPLE,APPLE CARE,Mac AppleCare,SLPJ2HN/A,AppleCare+ for 13‑inch MacBook Air (M3),,,,,,,"19,900.00"
APPLE,APPLE CARE,Mac AppleCare,SLPL2HN/A,AppleCare+ for 15‑inch MacBook Air (M3),,,,,,,"21,900.00"
APPLE,APPLE CARE,Mac AppleCare,SR172HN/A,AppleCare+ for 14-inch MacBook Pro (M4),,,,,,,"26,900.00"
APPLE,APPLE CARE,Mac AppleCare,SR182HN/A,AppleCare+ for 14-in MacBook Pro (M4 Pro/M4 Max),,,,,,,"26,900.00"
APPLE,APPLE CARE,Mac AppleCare,SR192HN/A,AppleCare+ for 16-in MacBook Pro (M4 Pro/M4 Max),,,,,,,"37,900.00"
APPLE,APPLE CARE,Mac AppleCare,SR1A2HN/A,AppleCare+ for iMac (M4),,,,,,,"16,900.00"
APPLE,APPLE CARE,Mac AppleCare,SR1C2HN/A,AppleCare+ for Mac mini (M4),,,,,,,"9,900.00"
APPLE,APPLE CARE,Mac AppleCare,STKT2HN/A,AppleCare+ for Mac Studio (M4),,,,,,,"16,900.00"
APPLE,APPLE CARE,Mac AppleCare,SUWE2HN/A,AppleCare+ for 13-inch MacBook Air (M4),,,,,,,"19,900.00"
APPLE,APPLE CARE,Mac AppleCare,SUWF2HN/A,AppleCare+ for 15-inch MacBook Air (M4),,,,,,,"21,900.00"
APPLE,APPLE CARE,Apple Watch,S8646HN/A,AppleCare+ for Apple Watch SE Aluminium,,,,,,,"4,900.00"
APPLE,APPLE CARE,Apple Watch,S8647HN/A,AppleCare+ for Apple Watch Nike SE,,,,,,,"4,900.00"
APPLE,APPLE CARE,Apple Watch,S8678HN/A,AppleCare+ for Apple Watch Series 6 Aluminium,,,,,,,"7,900.00"
APPLE,APPLE CARE,Apple Watch,S8679HN/A,AppleCare+ for Apple Watch Nike Series 6,,,,,,,"7,900.00"
APPLE,APPLE CARE,Apple Watch,S8717HN/A,AppleCare+ for Apple Watch Series 6 Stainless Steel,,,,,,,"7,900.00"
APPLE,APPLE CARE,Apple Watch,SCCU2HN/A,AppleCare+ for Apple Watch Series 7 Aluminum,,,,,,,"7,900.00"
APPLE,APPLE CARE,Apple Watch,SCCV2HN/A,AppleCare+ for Apple Watch Nike Series 7,,,,,,,"7,900.00"
APPLE,APPLE CARE,Apple Watch,SCCW2HN/A,AppleCare+ for Apple Watch Series 7 Stainless Steel,,,,,,,"7,900.00"
APPLE,APPLE CARE,Apple Watch,SG1L2HN/A,AppleCare+ for Apple Watch Series 8 Aluminum,,,,,,,"7,900.00"
APPLE,APPLE CARE,Apple Watch,SG282HN/A,AppleCare+ for Apple Watch SE (2nd generation),,,,,,,"4,900.00"
APPLE,APPLE CARE,Apple Watch,SG2L2HN/A,AppleCare+ for Apple Watch Series 8 Stainless Steel,,,,,,,"7,900.00"
APPLE,APPLE CARE,Apple Watch,SG2U2HN/A,AppleCare+ for Apple Watch Ultra Titanium,,,,,,,"9,900.00"
APPLE,APPLE CARE,Apple Watch,SJXC2HN/A,AppleCare+ for Apple Watch Series 9 Aluminum,,,,,,,"7,900.00"
APPLE,APPLE CARE,Apple Watch,SJXD2HN/A,AppleCare+ for Apple Watch Ultra 2,,,,,,,"9,900.00"
APPLE,APPLE CARE,Apple Watch,SJY32HN/A,AppleCare+ for Apple Watch Series 9 Stainless Steel,,,,,,,"7,900.00"
APPLE,APPLE CARE,Apple Watch,SNMF2HN/A,AppleCare+ for Apple Watch Series 10 Aluminium,,,,,,,"7,900.00"
APPLE,APPLE CARE,Apple Watch,SNN72HN/A,AppleCare+ for Apple Watch Series 10 Titanium,,,,,,,"7,900.00"
APPLE,IPAD,iPad Air,MC9W4HN/A,11-inch iPad Air Wi-Fi 128GB - Space Grey,-,Wi-Fi,,128GB,Space Grey,,"59,900.00"
APPLE,IPAD,iPad Air,MC9X4HN/A,11-inch iPad Air Wi-Fi 128GB - Blue,-,Wi-Fi,,128GB,Blue,,"59,900.00"
APPLE,IPAD,iPad Air,MC9Y4HN/A,11-inch iPad Air Wi-Fi 128GB - Starlight,-,Wi-Fi,,128GB,Starlight,,"59,900.00"
APPLE,IPAD,iPad Air,MCA04HN/A,11-inch iPad Air Wi-Fi 128GB - Purple,-,Wi-Fi,,128GB,Purple,,"59,900.00"
APPLE,IPAD,iPad Air,MCA14HN/A,11-inch iPad Air Wi-Fi 256GB - Space Grey,-,Wi-Fi,,256GB,Space Grey,,"69,900.00"
APPLE,IPAD,iPad Air,MCA34HN/A,11-inch iPad Air Wi-Fi 256GB - Blue,-,Wi-Fi,,256GB,Blue,,"69,900.00"
APPLE,IPAD,iPad Air,MCA44HN/A,11-inch iPad Air Wi-Fi 256GB - Starlight,-,Wi-Fi,,256GB,Starlight,,"69,900.00"
APPLE,IPAD,iPad Air,MCA64HN/A,11-inch iPad Air Wi-Fi 256GB - Purple,-,Wi-Fi,,256GB,Purple,,"69,900.00"
APPLE,IPAD,iPad Air,MCA74HN/A,11-inch iPad Air Wi-Fi 512GB - Space Grey,-,Wi-Fi,,512GB,Space Grey,,"89,900.00"
APPLE,IPAD,iPad Air,MCA94HN/A,11-inch iPad Air Wi-Fi 512GB - Blue,-,Wi-Fi,,512GB,Blue,,"89,900.00"
APPLE,IPAD,iPad Air,MCAA4HN/A,11-inch iPad Air Wi-Fi 512GB - Starlight,-,Wi-Fi,,512GB,Starlight,,"89,900.00"
APPLE,IPAD,iPad Air,MCAE4HN/A,11-inch iPad Air Wi-Fi 512GB - Purple,-,Wi-Fi,,512GB,Purple,,"89,900.00"
APPLE,IPAD,iPad Air,MCAH4HN/A,11-inch iPad Air Wi-Fi 1TB - Space Grey,-,Wi-Fi,,1TB,Space Grey,,"109,900.00"
APPLE,IPAD,iPad Air,MCAJ4HN/A,11-inch iPad Air Wi-Fi 1TB - Blue,-,Wi-Fi,,1TB,Blue,,"109,900.00"
APPLE,IPAD,iPad Air,MCAQ4HN/A,11-inch iPad Air Wi-Fi 1TB - Starlight,-,Wi-Fi,,1TB,Starlight,,"109,900.00"
APPLE,IPAD,iPad Air,MCAU4HN/A,11-inch iPad Air Wi-Fi 1TB - Purple,-,Wi-Fi,,1TB,Purple,,"109,900.00"
APPLE,IPAD,iPad Air,MCFV4HN/A,11-inch iPad Air Wi-Fi + Cellular 128GB - Space Grey,-,Wi-Fi + Cellular,,128GB,Space Grey,,"74,900.00"
APPLE,IPAD,iPad Air,MCFW4HN/A,11-inch iPad Air Wi-Fi + Cellular 128GB - Blue,-,Wi-Fi + Cellular,,128GB,Blue,,"74,900.00"
APPLE,IPAD,iPad Air,MCFX4HN/A,11-inch iPad Air Wi-Fi + Cellular 128GB - Starlight,-,Wi-Fi + Cellular,,128GB,Starlight,,"74,900.00"
APPLE,IPAD,iPad Air,MCFY4HN/A,11-inch iPad Air Wi-Fi + Cellular 128GB - Purple,-,Wi-Fi + Cellular,,128GB,Purple,,"74,900.00"
APPLE,IPAD,iPad Air,MCG04HN/A,11-inch iPad Air Wi-Fi + Cellular 256GB - Space Grey,-,Wi-Fi + Cellular,,256GB,Space Grey,,"84,900.00"
APPLE,IPAD,iPad Air,MCG14HN/A,11-inch iPad Air Wi-Fi + Cellular 256GB - Blue,-,Wi-Fi + Cellular,,256GB,Blue,,"84,900.00"
APPLE,IPAD,iPad Air,MCG24HN/A,11-inch iPad Air Wi-Fi + Cellular 256GB - Starlight,-,Wi-Fi + Cellular,,256GB,Starlight,,"84,900.00"
APPLE,IPAD,iPad Air,MCG34HN/A,11-inch iPad Air Wi-Fi + Cellular 256GB - Purple,-,Wi-Fi + Cellular,,256GB,Purple,,"84,900.00"
APPLE,IPAD,iPad Air,MCG44HN/A,11-inch iPad Air Wi-Fi + Cellular 512GB - Space Grey,-,Wi-Fi + Cellular,,512GB,Space Grey,,"104,900.00"
APPLE,IPAD,iPad Air,MCG54HN/A,11-inch iPad Air Wi-Fi + Cellular 512GB - Blue,-,Wi-Fi + Cellular,,512GB,Blue,,"104,900.00"
APPLE,IPAD,iPad Air,MCG64HN/A,11-inch iPad Air Wi-Fi + Cellular 512GB - Starlight,-,Wi-Fi + Cellular,,512GB,Starlight,,"104,900.00"
APPLE,IPAD,iPad Air,MCG74HN/A,11-inch iPad Air Wi-Fi + Cellular 512GB - Purple,-,Wi-Fi + Cellular,,512GB,Purple,,"104,900.00"
APPLE,IPAD,iPad Air,MCG84HN/A,11-inch iPad Air Wi-Fi + Cellular 1TB - Space Grey,-,Wi-Fi + Cellular,,1TB,Space Grey,,"124,900.00"
APPLE,IPAD,iPad Air,MCG94HN/A,11-inch iPad Air Wi-Fi + Cellular 1TB - Blue,-,Wi-Fi + Cellular,,1TB,Blue,,"124,900.00"
APPLE,IPAD,iPad Air,MCGA4HN/A,11-inch iPad Air Wi-Fi + Cellular 1TB - Starlight,-,Wi-Fi + Cellular,,1TB,Starlight,,"124,900.00"
APPLE,IPAD,iPad Air,MCGC4HN/A,11-inch iPad Air Wi-Fi + Cellular 1TB - Purple,-,Wi-Fi + Cellular,,1TB,Purple,,"124,900.00"
APPLE,IPAD,iPad Air,MCJ14HN/A,13-inch iPad Air Wi-Fi + Cellular 128GB - Space Grey,-,Wi-Fi + Cellular,,128GB,Space Grey,,"94,900.00"
APPLE,IPAD,iPad Air,MCJ24HN/A,13-inch iPad Air Wi-Fi + Cellular 128GB - Blue,-,Wi-Fi + Cellular,,128GB,Blue,,"94,900.00"
APPLE,IPAD,iPad Air,MCJ34HN/A,13-inch iPad Air Wi-Fi + Cellular 128GB - Starlight,-,Wi-Fi + Cellular,,128GB,Starlight,,"94,900.00"
APPLE,IPAD,iPad Air,MCJ44HN/A,13-inch iPad Air Wi-Fi + Cellular 128GB - Purple,-,Wi-Fi + Cellular,,128GB,Purple,,"94,900.00"
APPLE,IPAD,iPad Air,MCJ54HN/A,13-inch iPad Air Wi-Fi + Cellular 256GB - Space Grey,-,Wi-Fi + Cellular,,256GB,Space Grey,,"104,900.00"
APPLE,IPAD,iPad Air,MCJ64HN/A,13-inch iPad Air Wi-Fi + Cellular 256GB - Blue,-,Wi-Fi + Cellular,,256GB,Blue,,"104,900.00"
APPLE,IPAD,iPad Air,MCJ74HN/A,13-inch iPad Air Wi-Fi + Cellular 256GB - Starlight,-,Wi-Fi + Cellular,,256GB,Starlight,,"104,900.00"
APPLE,IPAD,iPad Air,MCJ84HN/A,13-inch iPad Air Wi-Fi + Cellular 256GB - Purple,-,Wi-Fi + Cellular,,256GB,Purple,,"104,900.00"
APPLE,IPAD,iPad Air,MCJ94HN/A,13-inch iPad Air Wi-Fi + Cellular 512GB - Space Grey,-,Wi-Fi + Cellular,,512GB,Space Grey,,"124,900.00"
APPLE,IPAD,iPad Air,MCJA4HN/A,13-inch iPad Air Wi-Fi + Cellular 512GB - Blue,-,Wi-Fi + Cellular,,512GB,Blue,,"124,900.00"
APPLE,IPAD,iPad Air,MCJC4HN/A,13-inch iPad Air Wi-Fi + Cellular 512GB - Starlight,-,Wi-Fi + Cellular,,512GB,Starlight,,"124,900.00"
APPLE,IPAD,iPad Air,MCJD4HN/A,13-inch iPad Air Wi-Fi + Cellular 512GB - Purple,-,Wi-Fi + Cellular,,512GB,Purple,,"124,900.00"
APPLE,IPAD,iPad Air,MCJE4HN/A,13-inch iPad Air Wi-Fi + Cellular 1TB - Space Grey,-,Wi-Fi + Cellular,,1TB,Space Grey,,"144,900.00"
APPLE,IPAD,iPad Air,MCJF4HN/A,13-inch iPad Air Wi-Fi + Cellular 1TB - Blue,-,Wi-Fi + Cellular,,1TB,Blue,,"144,900.00"
APPLE,IPAD,iPad Air,MCJG4HN/A,13-inch iPad Air Wi-Fi + Cellular 1TB - Starlight,-,Wi-Fi + Cellular,,1TB,Starlight,,"144,900.00"
APPLE,IPAD,iPad Air,MCJH4HN/A,13-inch iPad Air Wi-Fi + Cellular 1TB - Purple,-,Wi-Fi + Cellular,,1TB,Purple,,"144,900.00"
APPLE,IPAD,iPad Air,MCNH4HN/A,13-inch iPad Air Wi-Fi 128GB - Space Grey,-,Wi-Fi,,128GB,Space Grey,,"79,900.00"
APPLE,IPAD,iPad Air,MCNJ4HN/A,13-inch iPad Air Wi-Fi 128GB - Blue,-,Wi-Fi,,128GB,Blue,,"79,900.00"
APPLE,IPAD,iPad Air,MCNK4HN/A,13-inch iPad Air Wi-Fi 128GB - Starlight,-,Wi-Fi,,128GB,Starlight,,"79,900.00"
APPLE,IPAD,iPad Air,MCNL4HN/A,13-inch iPad Air Wi-Fi 128GB - Purple,-,Wi-Fi,,128GB,Purple,,"79,900.00"
APPLE,IPAD,iPad Air,MCNN4HN/A,13-inch iPad Air Wi-Fi 256GB - Space Grey,-,Wi-Fi,,256GB,Space Grey,,"89,900.00"
APPLE,IPAD,iPad Air,MCNP4HN/A,13-inch iPad Air Wi-Fi 256GB - Blue,-,Wi-Fi,,256GB,Blue,,"89,900.00"
APPLE,IPAD,iPad Air,MCNQ4HN/A,13-inch iPad Air Wi-Fi 256GB - Starlight,-,Wi-Fi,,256GB,Starlight,,"89,900.00"
APPLE,IPAD,iPad Air,MCNR4HN/A,13-inch iPad Air Wi-Fi 256GB - Purple,-,Wi-Fi,,256GB,Purple,,"89,900.00"
APPLE,IPAD,iPad Air,MCNT4HN/A,13-inch iPad Air Wi-Fi 512GB - Space Grey,-,Wi-Fi,,512GB,Space Grey,,"109,900.00"
APPLE,IPAD,iPad Air,MCNW4HN/A,13-inch iPad Air Wi-Fi 512GB - Blue,-,Wi-Fi,,512GB,Blue,,"109,900.00"
APPLE,IPAD,iPad Air,MCNX4HN/A,13-inch iPad Air Wi-Fi 512GB - Starlight,-,Wi-Fi,,512GB,Starlight,,"109,900.00"
APPLE,IPAD,iPad Air,MCNY4HN/A,13-inch iPad Air Wi-Fi 512GB - Purple,-,Wi-Fi,,512GB,Purple,,"109,900.00"
APPLE,IPAD,iPad Air,MCQ04HN/A,13-inch iPad Air Wi-Fi 1TB - Space Grey,-,Wi-Fi,,1TB,Space Grey,,"129,900.00"
APPLE,IPAD,iPad Air,MCQ14HN/A,13-inch iPad Air Wi-Fi 1TB - Blue,-,Wi-Fi,,1TB,Blue,,"129,900.00"
APPLE,IPAD,iPad Air,MCQ24HN/A,13-inch iPad Air Wi-Fi 1TB - Starlight,-,Wi-Fi,,1TB,Starlight,,"129,900.00"
APPLE,IPAD,iPad Air,MCQ34HN/A,13-inch iPad Air Wi-Fi 1TB - Purple,-,Wi-Fi,,1TB,Purple,,"129,900.00"
APPLE,IPAD,iPad,MD3Y4HN/A,11-inch iPad Wi-Fi 128GB - Silver,-,Wi-Fi,,128GB,Silver,,"34,900.00"
APPLE,IPAD,iPad,MD4A4HN/A,11-inch iPad Wi-Fi 128GB - Blue,-,Wi-Fi,,128GB,Blue,,"34,900.00"
APPLE,IPAD,iPad,MD4D4HN/A,11-inch iPad Wi-Fi 128GB - Yellow,-,Wi-Fi,,128GB,Yellow,,"34,900.00"
APPLE,IPAD,iPad,MD4E4HN/A,11-inch iPad Wi-Fi 128GB - Pink,-,Wi-Fi,,128GB,Pink,,"34,900.00"
APPLE,IPAD,iPad,MD4G4HN/A,11-inch iPad Wi-Fi 256GB - Silver,-,Wi-Fi,,256GB,Silver,,"44,900.00"
APPLE,IPAD,iPad,MD4H4HN/A,11-inch iPad Wi-Fi 256GB - Blue,-,Wi-Fi,,256GB,Blue,,"44,900.00"
APPLE,IPAD,iPad,MD4J4HN/A,11-inch iPad Wi-Fi 256GB - Yellow,-,Wi-Fi,,256GB,Yellow,,"44,900.00"
APPLE,IPAD,iPad,MD4P4HN/A,11-inch iPad Wi-Fi 256GB - Pink,-,Wi-Fi,,256GB,Pink,,"44,900.00"
APPLE,IPAD,iPad,MD4Q4HN/A,11-inch iPad Wi-Fi 512GB - Silver,-,Wi-Fi,,512GB,Silver,,"64,900.00"
APPLE,IPAD,iPad,MD4Y4HN/A,11-inch iPad Wi-Fi 512GB - Blue,-,Wi-Fi,,512GB,Blue,,"64,900.00"
APPLE,IPAD,iPad,MD5A4HN/A,11-inch iPad Wi-Fi 512GB - Yellow,-,Wi-Fi,,512GB,Yellow,,"64,900.00"
APPLE,IPAD,iPad,MD5C4HN/A,11-inch iPad Wi-Fi 512GB - Pink,-,Wi-Fi,,512GB,Pink,,"64,900.00"
APPLE,IPAD,iPad,MD7F4HN/A,11-inch iPad Wi-Fi + Cellular 128GB - Silver,-,Wi-Fi + Cellular,,128GB,Silver,,"49,900.00"
APPLE,IPAD,iPad,MD7G4HN/A,11-inch iPad Wi-Fi + Cellular 128GB - Blue,-,Wi-Fi + Cellular,,128GB,Blue,,"49,900.00"
APPLE,IPAD,iPad,MD7H4HN/A,11-inch iPad Wi-Fi + Cellular 128GB - Yellow,-,Wi-Fi + Cellular,,128GB,Yellow,,"49,900.00"
APPLE,IPAD,iPad,MD7J4HN/A,11-inch iPad Wi-Fi + Cellular 128GB - Pink,-,Wi-Fi + Cellular,,128GB,Pink,,"49,900.00"
APPLE,IPAD,iPad,MD7K4HN/A,11-inch iPad Wi-Fi + Cellular 256GB - Silver,-,Wi-Fi + Cellular,,256GB,Silver,,"59,900.00"
APPLE,IPAD,iPad,MD7L4HN/A,11-inch iPad Wi-Fi + Cellular 256GB - Blue,-,Wi-Fi + Cellular,,256GB,Blue,,"59,900.00"
APPLE,IPAD,iPad,MD7M4HN/A,11-inch iPad Wi-Fi + Cellular 256GB - Yellow,-,Wi-Fi + Cellular,,256GB,Yellow,,"59,900.00"
APPLE,IPAD,iPad,MD7N4HN/A,11-inch iPad Wi-Fi + Cellular 256GB - Pink,-,Wi-Fi + Cellular,,256GB,Pink,,"59,900.00"
APPLE,IPAD,iPad,MD7P4HN/A,11-inch iPad Wi-Fi + Cellular 512GB - Silver,-,Wi-Fi + Cellular,,512GB,Silver,,"79,900.00"
APPLE,IPAD,iPad,MD7Q4HN/A,11-inch iPad Wi-Fi + Cellular 512GB - Blue,-,Wi-Fi + Cellular,,512GB,Blue,,"79,900.00"
APPLE,IPAD,iPad,MD7R4HN/A,11-inch iPad Wi-Fi + Cellular 512GB - Yellow,-,Wi-Fi + Cellular,,512GB,Yellow,,"79,900.00"
APPLE,IPAD,iPad,MD7T4HN/A,11-inch iPad Wi-Fi + Cellular 512GB - Pink,-,Wi-Fi + Cellular,,512GB,Pink,,"79,900.00"
APPLE,IPAD,iPad Pro,MVV83HN/A,11-inch iPad Pro WiFi 256GB with Standard glass - Space Black,-,Wi-Fi,,256GB,Space Black,Standard Glass,"99,900.00"
APPLE,IPAD,iPad Pro,MVV93HN/A,11-inch iPad Pro WiFi 256GB with Standard glass - Silver,-,Wi-Fi,,256GB,Silver,Standard Glass,"99,900.00"
APPLE,IPAD,iPad Pro,MVVC3HN/A,11-inch iPad Pro WiFi 512GB with Standard glass - Space Black,-,Wi-Fi,,512GB,Space Black,Standard Glass,"119,900.00"
APPLE,IPAD,iPad Pro,MVVD3HN/A,11-inch iPad Pro WiFi 512GB with Standard glass - Silver,-,Wi-Fi,,512GB,Silver,Standard Glass,"119,900.00"
APPLE,IPAD,iPad Pro,MVVE3HN/A,11-inch iPad Pro WiFi 1TB with Standard glass - Space Black,-,Wi-Fi,,1TB,Space Black,Standard Glass,"159,900.00"
APPLE,IPAD,iPad Pro,MVVF3HN/A,11-inch iPad Pro WiFi 1TB with Standard glass - Silver,-,Wi-Fi,,1TB,Silver,Standard Glass,"159,900.00"
APPLE,IPAD,iPad Pro,MVVG3HN/A,11-inch iPad Pro WiFi 2TB with Standard glass - Space Black,-,Wi-Fi,,2TB,Space Black,Standard Glass,"199,900.00"
APPLE,IPAD,iPad Pro,MVVH3HN/A,11-inch iPad Pro WiFi 2TB with Standard glass - Silver,-,Wi-Fi,,2TB,Silver,Standard Glass,"199,900.00"
APPLE,IPAD,iPad Pro,MVW13HN/A,11-inch iPad Pro WiFi + Cellular 256GB with Standard glass - Space Black,-,Wi-Fi,,256GB,Space Black,Standard Glass,"119,900.00"
APPLE,IPAD,iPad Pro,MVW23HN/A,11-inch iPad Pro WiFi + Cellular 256GB with Standard glass - Silver,-,Wi-Fi,,256GB,Silver,Standard Glass,"119,900.00"
APPLE,IPAD,iPad Pro,MVW33HN/A,11-inch iPad Pro WiFi + Cellular 512GB with Standard glass - Space Black,-,Wi-Fi,,512GB,Space Black,Standard Glass,"139,900.00"
APPLE,IPAD,iPad Pro,MVW43HN/A,11-inch iPad Pro WiFi + Cellular 512GB with Standard glass - Silver,-,Wi-Fi,,512GB,Silver,Standard Glass,"139,900.00"
APPLE,IPAD,iPad Pro,MVW53HN/A,11-inch iPad Pro WiFi + Cellular 1TB with Standard glass - Space Black,-,Wi-Fi,,1TB,Space Black,Standard Glass,"179,900.00"
APPLE,IPAD,iPad Pro,MVW63HN/A,11-inch iPad Pro WiFi + Cellular 1TB with Standard glass - Silver,-,Wi-Fi,,1TB,Silver,Standard Glass,"179,900.00"
APPLE,IPAD,iPad Pro,MVW73HN/A,11-inch iPad Pro WiFi + Cellular 2TB with Standard glass - Space Black,-,Wi-Fi,,2TB,Space Black,Standard Glass,"219,900.00"
APPLE,IPAD,iPad Pro,MVW83HN/A,11-inch iPad Pro WiFi + Cellular 2TB with Standard glass - Silver,-,Wi-Fi,,2TB,Silver,Standard Glass,"219,900.00"
APPLE,IPAD,iPad Pro,MVX23HN/A,13-inch iPad Pro WiFi 256GB with Standard glass - Space Black,-,Wi-Fi,,256GB,Space Black,Standard Glass,"129,900.00"
APPLE,IPAD,iPad Pro,MVX33HN/A,13-inch iPad Pro WiFi 256GB with Standard glass - Silver,-,Wi-Fi,,256GB,Silver,Standard Glass,"129,900.00"
APPLE,IPAD,iPad Pro,MVX43HN/A,13-inch iPad Pro WiFi 512GB with Standard glass - Space Black,-,Wi-Fi,,512GB,Space Black,Standard Glass,"149,900.00"
APPLE,IPAD,iPad Pro,MVX53HN/A,13-inch iPad Pro WiFi 512GB with Standard glass - Silver,-,Wi-Fi,,512GB,Silver,Standard Glass,"149,900.00"
APPLE,IPAD,iPad Pro,MVX63HN/A,13-inch iPad Pro WiFi 1TB with Standard glass - Space Black,-,Wi-Fi,,1TB,Space Black,Standard Glass,"189,900.00"
APPLE,IPAD,iPad Pro,MVX73HN/A,13-inch iPad Pro WiFi 1TB with Standard glass - Silver,-,Wi-Fi,,1TB,Silver,Standard Glass,"189,900.00"
APPLE,IPAD,iPad Pro,MVX83HN/A,13-inch iPad Pro WiFi 2TB with Standard glass - Space Black,-,Wi-Fi,,2TB,Space Black,Standard Glass,"229,900.00"
APPLE,IPAD,iPad Pro,MVX93HN/A,13-inch iPad Pro WiFi 2TB with Standard glass - Silver,-,Wi-Fi,,2TB,Silver,Standard Glass,"229,900.00"
APPLE,IPAD,iPad Pro,MVXR3HN/A,13-inch iPad Pro WiFi + Cellular 256GB with Standard glass - Space Black,-,Wi-Fi,,256GB,Space Black,Standard Glass,"149,900.00"
APPLE,IPAD,iPad Pro,MVXT3HN/A,13-inch iPad Pro WiFi + Cellular 256GB with Standard glass - Silver,-,Wi-Fi,,256GB,Silver,Standard Glass,"149,900.00"
APPLE,IPAD,iPad Pro,MVXU3HN/A,13-inch iPad Pro WiFi + Cellular 512GB with Standard glass - Space Black,-,Wi-Fi,,512GB,Space Black,Standard Glass,"169,900.00"
APPLE,IPAD,iPad Pro,MVXV3HN/A,13-inch iPad Pro WiFi + Cellular 512GB with Standard glass - Silver,-,Wi-Fi,,512GB,Silver,Standard Glass,"169,900.00"
APPLE,IPAD,iPad Pro,MVXW3HN/A,13-inch iPad Pro WiFi + Cellular 1TB with Standard glass - Space Black,-,Wi-Fi,,1TB,Space Black,Standard Glass,"209,900.00"
APPLE,IPAD,iPad Pro,MVXX3HN/A,13-inch iPad Pro WiFi + Cellular 1TB with Standard glass - Silver,-,Wi-Fi,,1TB,Silver,Standard Glass,"209,900.00"
APPLE,IPAD,iPad Pro,MVXY3HN/A,13-inch iPad Pro WiFi + Cellular 2TB with Standard glass - Space Black,-,Wi-Fi,,2TB,Space Black,Standard Glass,"249,900.00"
APPLE,IPAD,iPad Pro,MVY03HN/A,13-inch iPad Pro WiFi + Cellular 2TB with Standard glass - Silver,-,Wi-Fi,,2TB,Silver,Standard Glass,"249,900.00"
APPLE,IPAD,iPad Pro,MWR63HN/A,11-inch iPad Pro WiFi 1TB with Nano-texture Glass - Space Black,-,Wi-Fi,,1TB,Space Black,Nano-Texture Glass,"169,900.00"
APPLE,IPAD,iPad Pro,MWR73HN/A,11-inch iPad Pro WiFi 1TB with Nano-texture Glass - Silver,-,Wi-Fi,,1TB,Silver,Nano-Texture Glass,"169,900.00"
APPLE,IPAD,iPad Pro,MWR83HN/A,11-inch iPad Pro WiFi 2TB with Nano-texture Glass - Space Black,-,Wi-Fi,,2TB,Space Black,Nano-Texture Glass,"209,900.00"
APPLE,IPAD,iPad Pro,MWR93HN/A,11-inch iPad Pro WiFi 2TB with Nano-texture Glass - Silver,-,Wi-Fi,,2TB,Silver,Nano-Texture Glass,"209,900.00"
APPLE,IPAD,iPad Pro,MWRF3HN/A,13-inch iPad Pro WiFi 1TB with Nano-texture Glass - Space Black,-,Wi-Fi,,1TB,Space Black,Nano-Texture Glass,"199,900.00"
APPLE,IPAD,iPad Pro,MWRG3HN/A,13-inch iPad Pro WiFi 1TB with Nano-texture Glass - Silver,-,Wi-Fi,,1TB,Silver,Nano-Texture Glass,"199,900.00"
APPLE,IPAD,iPad Pro,MWRH3HN/A,13-inch iPad Pro WiFi 2TB with Nano-texture Glass - Space Black,-,Wi-Fi,,2TB,Space Black,Nano-Texture Glass,"239,900.00"
APPLE,IPAD,iPad Pro,MWRJ3HN/A,13-inch iPad Pro WiFi 2TB with Nano-texture Glass - Silver,-,Wi-Fi,,2TB,Silver,Nano-Texture Glass,"239,900.00"
APPLE,IPAD,iPad Pro,MWRP3HN/A,11-inch iPad Pro WiFi + Cellular 1TB with Nano-texture Glass - Space Black,-,Wi-Fi,,1TB,Space Black,Nano-Texture Glass,"189,900.00"
APPLE,IPAD,iPad Pro,MWRQ3HN/A,11-inch iPad Pro WiFi + Cellular 1TB with Nano-texture Glass - Silver,-,Wi-Fi,,1TB,Silver,Nano-Texture Glass,"189,900.00"
APPLE,IPAD,iPad Pro,MWRR3HN/A,11-inch iPad Pro WiFi + Cellular 2TB with Nano-texture Glass - Space Black,-,Wi-Fi,,2TB,Space Black,Nano-Texture Glass,"229,900.00"
APPLE,IPAD,iPad Pro,MWRT3HN/A,11-inch iPad Pro WiFi + Cellular 2TB with Nano-texture Glass - Silver,-,Wi-Fi,,2TB,Silver,Nano-Texture Glass,"229,900.00"
APPLE,IPAD,iPad Pro,MWRY3HN/A,13-inch iPad Pro WiFi + Cellular 1TB with Nano-texture Glass - Space Black,-,Wi-Fi,,1TB,Space Black,Nano-Texture Glass,"219,900.00"
APPLE,IPAD,iPad Pro,MWT03HN/A,13-inch iPad Pro WiFi + Cellular 1TB with Nano-texture Glass - Silver,-,Wi-Fi,,1TB,Silver,Nano-Texture Glass,"219,900.00"
APPLE,IPAD,iPad Pro,MWT13HN/A,13-inch iPad Pro WiFi + Cellular 2TB with Nano-texture Glass - Space Black,-,Wi-Fi,,2TB,Space Black,Nano-Texture Glass,"259,900.00"
APPLE,IPAD,iPad Pro,MWT23HN/A,13-inch iPad Pro WiFi + Cellular 2TB with Nano-texture Glass - Silver,-,Wi-Fi,,2TB,Silver,Nano-Texture Glass,"259,900.00"
APPLE,IPAD,iPad mini,MXN63HN/A,iPad mini Wi-Fi 128GB - Space Grey,-,Wi-Fi,,128GB,Space Grey,,"49,900.00"
APPLE,IPAD,iPad mini,MXN73HN/A,iPad mini Wi-Fi 128GB - Blue,-,Wi-Fi,,128GB,Blue,,"49,900.00"
APPLE,IPAD,iPad mini,MXN83HN/A,iPad mini Wi-Fi 128GB - Starlight,-,Wi-Fi,,128GB,Starlight,,"49,900.00"
APPLE,IPAD,iPad mini,MXN93HN/A,iPad mini Wi-Fi 128GB - Purple,-,Wi-Fi,,128GB,Purple,,"49,900.00"
APPLE,IPAD,iPad mini,MXNA3HN/A,iPad mini Wi-Fi 256GB - Space Grey,-,Wi-Fi,,256GB,Space Grey,,"59,900.00"
APPLE,IPAD,iPad mini,MXNC3HN/A,iPad mini Wi-Fi 256GB - Blue,-,Wi-Fi,,256GB,Blue,,"59,900.00"
APPLE,IPAD,iPad mini,MXND3HN/A,iPad mini Wi-Fi 256GB - Starlight,-,Wi-Fi,,256GB,Starlight,,"59,900.00"
APPLE,IPAD,iPad mini,MXNE3HN/A,iPad mini Wi-Fi 256GB - Purple,-,Wi-Fi,,256GB,Purple,,"59,900.00"
APPLE,IPAD,iPad mini,MXPN3HN/A,iPad mini Wi-Fi + Cellular 128GB - Space Grey,-,Wi-Fi + Cellular,,128GB,Space Grey,,"64,900.00"
APPLE,IPAD,iPad mini,MXPP3HN/A,iPad mini Wi-Fi + Cellular 128GB - Blue,-,Wi-Fi + Cellular,,128GB,Blue,,"64,900.00"
APPLE,IPAD,iPad mini,MXPQ3HN/A,iPad mini Wi-Fi + Cellular 128GB - Starlight,-,Wi-Fi + Cellular,,128GB,Starlight,,"64,900.00"
APPLE,IPAD,iPad mini,MXPR3HN/A,iPad mini Wi-Fi + Cellular 128GB - Purple,-,Wi-Fi + Cellular,,128GB,Purple,,"64,900.00"
APPLE,IPAD,iPad mini,MXPT3HN/A,iPad mini Wi-Fi + Cellular 256GB - Space Grey,-,Wi-Fi + Cellular,,256GB,Space Grey,,"74,900.00"
APPLE,IPAD,iPad mini,MXPW3HN/A,iPad mini Wi-Fi + Cellular 256GB - Blue,-,Wi-Fi + Cellular,,256GB,Blue,,"74,900.00"
APPLE,IPAD,iPad mini,MXPX3HN/A,iPad mini Wi-Fi + Cellular 256GB - Starlight,-,Wi-Fi + Cellular,,256GB,Starlight,,"74,900.00"
APPLE,IPAD,iPad mini,MXPY3HN/A,iPad mini Wi-Fi + Cellular 256GB - Purple,-,Wi-Fi + Cellular,,256GB,Purple,,"74,900.00"
APPLE,IPAD,iPad mini,MYGY3HN/A,iPad mini Wi-Fi 512GB - Space Grey,-,Wi-Fi,,512GB,Space Grey,,"79,900.00"
APPLE,IPAD,iPad mini,MYH13HN/A,iPad mini Wi-Fi 512GB - Blue,-,Wi-Fi,,512GB,Blue,,"79,900.00"
APPLE,IPAD,iPad mini,MYH23HN/A,iPad mini Wi-Fi 512GB - Starlight,-,Wi-Fi,,512GB,Starlight,,"79,900.00"
APPLE,IPAD,iPad mini,MYH33HN/A,iPad mini Wi-Fi 512GB - Purple,-,Wi-Fi,,512GB,Purple,,"79,900.00"
APPLE,IPAD,iPad mini,MYHC3HN/A,iPad mini Wi-Fi + Cellular 512GB - Space Grey,-,Wi-Fi + Cellular,,512GB,Space Grey,,"94,900.00"
APPLE,IPAD,iPad mini,MYHD3HN/A,iPad mini Wi-Fi + Cellular 512GB - Blue,-,Wi-Fi + Cellular,,512GB,Blue,,"94,900.00"
APPLE,IPAD,iPad mini,MYHE3HN/A,iPad mini Wi-Fi + Cellular 512GB - Starlight,-,Wi-Fi + Cellular,,512GB,Starlight,,"94,900.00"
APPLE,IPAD,iPad mini,MYHF3HN/A,iPad mini Wi-Fi + Cellular 512GB - Purple,-,Wi-Fi + Cellular,,512GB,Purple,,"94,900.00"
APPLE,IPHONE,iPhone 16e,MD1Q4HN/A,iPhone 16e 128GB Black,,,,128GB,Black,,"59,900.00"
APPLE,IPHONE,iPhone 16e,MD1R4HN/A,iPhone 16e 128GB White,,,,128GB,White,,"59,900.00"
APPLE,IPHONE,iPhone 16e,MD1T4HN/A,iPhone 16e 256GB Black,,,,256GB,Black,,"69,900.00"
APPLE,IPHONE,iPhone 16e,MD1W4HN/A,iPhone 16e 256GB White,,,,256GB,White,,"69,900.00"
APPLE,IPHONE,iPhone 16e,MD1X4HN/A,iPhone 16e 512GB Black,,,,512GB,Black,,"89,900.00"
APPLE,IPHONE,iPhone 16e,MD274HN/A,iPhone 16e 512GB White,,,,512GB,White,,"89,900.00"
APPLE,IPHONE,iPhone 13,MLPF3HN/A,iPhone 13 128GB Midnight,,,,128GB,Midnight,,"49,900.00"
APPLE,IPHONE,iPhone 13,MLPG3HN/A,iPhone 13 128GB Starlight,,,,128GB,Starlight,,"49,900.00"
APPLE,IPHONE,iPhone 13,MLPK3HN/A,iPhone 13 128GB Blue,,,,128GB,Blue,,"49,900.00"
APPLE,IPHONE,iPhone 14,MPUF3HN/A,iPhone 14 128GB Midnight,,,,128GB,Midnight,,"59,900.00"
APPLE,IPHONE,iPhone 14,MPUR3HN/A,iPhone 14 128GB Starlight,,,,128GB,Starlight,,"59,900.00"
APPLE,IPHONE,iPhone 14,MPVN3HN/A,iPhone 14 128GB Blue,,,,128GB,Blue,,"59,900.00"
APPLE,IPHONE,iPhone 14,MPVX3HN/A,iPhone 14 256GB Midnight,,,,256GB,Midnight,,"69,900.00"
APPLE,IPHONE,iPhone 14,MPW43HN/A,iPhone 14 256GB Starlight,,,,256GB,Starlight,,"69,900.00"
APPLE,IPHONE,iPhone 14,MPWP3HN/A,iPhone 14 256GB Blue,,,,256GB,Blue,,"69,900.00"
APPLE,IPHONE,iPhone 15,MTP03HN/A,iPhone 15 128GB Black,,,,128GB,Black,,"69,900.00"
APPLE,IPHONE,iPhone 15,MTP13HN/A,iPhone 15 128GB Pink,,,,128GB,Pink,,"69,900.00"
APPLE,IPHONE,iPhone 15,MTP23HN/A,iPhone 15 128GB Yellow,,,,128GB,Yellow,,"69,900.00"
APPLE,IPHONE,iPhone 15,MTP43HN/A,iPhone 15 128GB Blue,,,,128GB,Blue,,"69,900.00"
APPLE,IPHONE,iPhone 15,MTP53HN/A,iPhone 15 128GB Green,,,,128GB,Green,,"69,900.00"
APPLE,IPHONE,iPhone 15,MTP63HN/A,iPhone 15 256GB Black,,,,256GB,Black,,"79,900.00"
APPLE,IPHONE,iPhone 15,MTP73HN/A,iPhone 15 256GB Pink,,,,256GB,Pink,,"79,900.00"
APPLE,IPHONE,iPhone 15,MTP83HN/A,iPhone 15 256GB Yellow,,,,256GB,Yellow,,"79,900.00"
APPLE,IPHONE,iPhone 15,MTP93HN/A,iPhone 15 256GB Blue,,,,256GB,Blue,,"79,900.00"
APPLE,IPHONE,iPhone 15,MTPA3HN/A,iPhone 15 256GB Green,,,,256GB,Green,,"79,900.00"
APPLE,IPHONE,iPhone 15,MTPC3HN/A,iPhone 15 512GB Black,,,,512GB,Black,,"99,900.00"
APPLE,IPHONE,iPhone 15,MTPD3HN/A,iPhone 15 512GB Pink,,,,512GB,Pink,,"99,900.00"
APPLE,IPHONE,iPhone 15,MTPF3HN/A,iPhone 15 512GB Yellow,,,,512GB,Yellow,,"99,900.00"
APPLE,IPHONE,iPhone 15,MTPG3HN/A,iPhone 15 512GB Blue,,,,512GB,Blue,,"99,900.00"
APPLE,IPHONE,iPhone 15,MTPH3HN/A,iPhone 15 512GB Green,,,,512GB,Green,,"99,900.00"
APPLE,IPHONE,iPhone 15 Plus,MU0Y3HN/A,iPhone 15 Plus 128GB Black,,,,128GB,Black,,"79,900.00"
APPLE,IPHONE,iPhone 15 Plus,MU103HN/A,iPhone 15 Plus 128GB Pink,,,,128GB,Pink,,"79,900.00"
APPLE,IPHONE,iPhone 15 Plus,MU123HN/A,iPhone 15 Plus 128GB Yellow,,,,128GB,Yellow,,"79,900.00"
APPLE,IPHONE,iPhone 15 Plus,MU163HN/A,iPhone 15 Plus 128GB Blue,,,,128GB,Blue,,"79,900.00"
APPLE,IPHONE,iPhone 15 Plus,MU173HN/A,iPhone 15 Plus 128GB Green,,,,128GB,Green,,"79,900.00"
APPLE,IPHONE,iPhone 15 Plus,MU183HN/A,iPhone 15 Plus 256GB Black,,,,256GB,Black,,"89,900.00"
APPLE,IPHONE,iPhone 15 Plus,MU193HN/A,iPhone 15 Plus 256GB Pink,,,,256GB,Pink,,"89,900.00"
APPLE,IPHONE,iPhone 15 Plus,MU1D3HN/A,iPhone 15 Plus 256GB Yellow,,,,256GB,Yellow,,"89,900.00"
APPLE,IPHONE,iPhone 15 Plus,MU1F3HN/A,iPhone 15 Plus 256GB Blue,,,,256GB,Blue,,"89,900.00"
APPLE,IPHONE,iPhone 15 Plus,MU1G3HN/A,iPhone 15 Plus 256GB Green,,,,256GB,Green,,"89,900.00"
APPLE,IPHONE,iPhone 15 Plus,MU1H3HN/A,iPhone 15 Plus 512GB Black,,,,512GB,Black,,"109,900.00"
APPLE,IPHONE,iPhone 15 Plus,MU1J3HN/A,iPhone 15 Plus 512GB Pink,,,,512GB,Pink,,"109,900.00"
APPLE,IPHONE,iPhone 15 Plus,MU1M3HN/A,iPhone 15 Plus 512GB Yellow,,,,512GB,Yellow,,"109,900.00"
APPLE,IPHONE,iPhone 15 Plus,MU1P3HN/A,iPhone 15 Plus 512GB Blue,,,,512GB,Blue,,"109,900.00"
APPLE,IPHONE,iPhone 15 Plus,MU1Q3HN/A,iPhone 15 Plus 512GB Green,,,,512GB,Green,,"109,900.00"
APPLE,IPHONE,iPhone 16 Plus,MXVU3HN/A,iPhone 16 Plus 128GB Black,,,,128GB,Black,,"89,900.00"
APPLE,IPHONE,iPhone 16 Plus,MXVV3HN/A,iPhone 16 Plus 128GB White,,,,128GB,White,,"89,900.00"
APPLE,IPHONE,iPhone 16 Plus,MXVW3HN/A,iPhone 16 Plus 128GB Pink,,,,128GB,Pink,,"89,900.00"
APPLE,IPHONE,iPhone 16 Plus,MXVX3HN/A,iPhone 16 Plus 128GB Ultramarine,,,,128GB,Ultramarine,,"89,900.00"
APPLE,IPHONE,iPhone 16 Plus,MXVY3HN/A,iPhone 16 Plus 128GB Teal,,,,128GB,Teal,,"89,900.00"
APPLE,IPHONE,iPhone 16 Plus,MXWN3HN/A,iPhone 16 Plus 256GB Black,,,,256GB,Black,,"99,900.00"
APPLE,IPHONE,iPhone 16 Plus,MXWV3HN/A,iPhone 16 Plus 256GB White,,,,256GB,White,,"99,900.00"
APPLE,IPHONE,iPhone 16 Plus,MXY13HN/A,iPhone 16 Plus 256GB Pink,,,,256GB,Pink,,"99,900.00"
APPLE,IPHONE,iPhone 16 Plus,MXY23HN/A,iPhone 16 Plus 256GB Ultramarine,,,,256GB,Ultramarine,,"99,900.00"
APPLE,IPHONE,iPhone 16 Plus,MXY53HN/A,iPhone 16 Plus 256GB Teal,,,,256GB,Teal,,"99,900.00"
APPLE,IPHONE,iPhone 16 Plus,MY1P3HN/A,iPhone 16 Plus 512GB Black,,,,512GB,Black,,"119,900.00"
APPLE,IPHONE,iPhone 16 Plus,MY1X3HN/A,iPhone 16 Plus 512GB White,,,,512GB,White,,"119,900.00"
APPLE,IPHONE,iPhone 16 Plus,MY253HN/A,iPhone 16 Plus 512GB Pink,,,,512GB,Pink,,"119,900.00"
APPLE,IPHONE,iPhone 16 Plus,MY2D3HN/A,iPhone 16 Plus 512GB Ultramarine,,,,512GB,Ultramarine,,"119,900.00"
APPLE,IPHONE,iPhone 16 Plus,MY2J3HN/A,iPhone 16 Plus 512GB Teal,,,,512GB,Teal,,"119,900.00"
APPLE,IPHONE,iPhone 16,MYE73HN/A,iPhone 16 128GB Black,,,,128GB,Black,,"79,900.00"
APPLE,IPHONE,iPhone 16,MYE93HN/A,iPhone 16 128GB White,,,,128GB,White,,"79,900.00"
APPLE,IPHONE,iPhone 16,MYEA3HN/A,iPhone 16 128GB Pink,,,,128GB,Pink,,"79,900.00"
APPLE,IPHONE,iPhone 16,MYEC3HN/A,iPhone 16 128GB Ultramarine,,,,128GB,Ultramarine,,"79,900.00"
APPLE,IPHONE,iPhone 16,MYED3HN/A,iPhone 16 128GB Teal,,,,128GB,Teal,,"79,900.00"
APPLE,IPHONE,iPhone 16,MYEE3HN/A,iPhone 16 256GB Black,,,,256GB,Black,,"89,900.00"
APPLE,IPHONE,iPhone 16,MYEF3HN/A,iPhone 16 256GB White,,,,256GB,White,,"89,900.00"
APPLE,IPHONE,iPhone 16,MYEG3HN/A,iPhone 16 256GB Pink,,,,256GB,Pink,,"89,900.00"
APPLE,IPHONE,iPhone 16,MYEH3HN/A,iPhone 16 256GB Ultramarine,,,,256GB,Ultramarine,,"89,900.00"
APPLE,IPHONE,iPhone 16,MYEJ3HN/A,iPhone 16 256GB Teal,,,,256GB,Teal,,"89,900.00"
APPLE,IPHONE,iPhone 16,MYEK3HN/A,iPhone 16 512GB Black,,,,512GB,Black,,"109,900.00"
APPLE,IPHONE,iPhone 16,MYEP3HN/A,iPhone 16 512GB White,,,,512GB,White,,"109,900.00"
APPLE,IPHONE,iPhone 16,MYEQ3HN/A,iPhone 16 512GB Pink,,,,512GB,Pink,,"109,900.00"
APPLE,IPHONE,iPhone 16,MYER3HN/A,iPhone 16 512GB Ultramarine,,,,512GB,Ultramarine,,"109,900.00"
APPLE,IPHONE,iPhone 16,MYEU3HN/A,iPhone 16 512GB Teal,,,,512GB,Teal,,"109,900.00"
APPLE,IPHONE,iPhone 16 Pro,MYND3HN/A,iPhone 16 Pro 128GB Black Titanium,,,,128GB,Black Titanium,,"119,900.00"
APPLE,IPHONE,iPhone 16 Pro,MYNE3HN/A,iPhone 16 Pro 128GB White Titanium,,,,128GB,White Titanium,,"119,900.00"
APPLE,IPHONE,iPhone 16 Pro,MYNF3HN/A,iPhone 16 Pro 128GB Desert Titanium,,,,128GB,Desert Titanium,,"119,900.00"
APPLE,IPHONE,iPhone 16 Pro,MYNG3HN/A,iPhone 16 Pro 128GB Natural Titanium,,,,128GB,Natural Titanium,,"119,900.00"
APPLE,IPHONE,iPhone 16 Pro,MYNH3HN/A,iPhone 16 Pro 256GB Black Titanium,,,,256GB,Black Titanium,,"129,900.00"
APPLE,IPHONE,iPhone 16 Pro,MYNJ3HN/A,iPhone 16 Pro 256GB White Titanium,,,,256GB,White Titanium,,"129,900.00"
APPLE,IPHONE,iPhone 16 Pro,MYNK3HN/A,iPhone 16 Pro 256GB Desert Titanium,,,,256GB,Desert Titanium,,"129,900.00"
APPLE,IPHONE,iPhone 16 Pro,MYNL3HN/A,iPhone 16 Pro 256GB Natural Titanium,,,,256GB,Natural Titanium,,"129,900.00"
APPLE,IPHONE,iPhone 16 Pro,MYNM3HN/A,iPhone 16 Pro 512GB Black Titanium,,,,512GB,Black Titanium,,"149,900.00"
APPLE,IPHONE,iPhone 16 Pro,MYNN3HN/A,iPhone 16 Pro 512GB White Titanium,,,,512GB,White Titanium,,"149,900.00"
APPLE,IPHONE,iPhone 16 Pro,MYNP3HN/A,iPhone 16 Pro 512GB Desert Titanium,,,,512GB,Desert Titanium,,"149,900.00"
APPLE,IPHONE,iPhone 16 Pro,MYNQ3HN/A,iPhone 16 Pro 512GB Natural Titanium,,,,512GB,Natural Titanium,,"149,900.00"
APPLE,IPHONE,iPhone 16 Pro,MYNR3HN/A,iPhone 16 Pro 1TB Black Titanium,,,,1TB,Black Titanium,,"169,900.00"
APPLE,IPHONE,iPhone 16 Pro,MYNT3HN/A,iPhone 16 Pro 1TB White Titanium,,,,1TB,White Titanium,,"169,900.00"
APPLE,IPHONE,iPhone 16 Pro,MYNW3HN/A,iPhone 16 Pro 1TB Desert Titanium,,,,1TB,Desert Titanium,,"169,900.00"
APPLE,IPHONE,iPhone 16 Pro,MYNX3HN/A,iPhone 16 Pro 1TB Natural Titanium,,,,1TB,Natural Titanium,,"169,900.00"
APPLE,IPHONE,iPhone 16 Pro Max,MYWV3HN/A,iPhone 16 Pro Max 256GB Black Titanium,,,,256GB,Black Titanium,,"144,900.00"
APPLE,IPHONE,iPhone 16 Pro Max,MYWW3HN/A,iPhone 16 Pro Max 256GB White Titanium,,,,256GB,White Titanium,,"144,900.00"
APPLE,IPHONE,iPhone 16 Pro Max,MYWX3HN/A,iPhone 16 Pro Max 256GB Desert Titanium,,,,256GB,Desert Titanium,,"144,900.00"
APPLE,IPHONE,iPhone 16 Pro Max,MYWY3HN/A,iPhone 16 Pro Max 256GB Natural Titanium,,,,256GB,Natural Titanium,,"144,900.00"
APPLE,IPHONE,iPhone 16 Pro Max,MYX03HN/A,iPhone 16 Pro Max 512GB Black Titanium,,,,512GB,Black Titanium,,"164,900.00"
APPLE,IPHONE,iPhone 16 Pro Max,MYX13HN/A,iPhone 16 Pro Max 512GB White Titanium,,,,512GB,White Titanium,,"164,900.00"
APPLE,IPHONE,iPhone 16 Pro Max,MYX23HN/A,iPhone 16 Pro Max 512GB Desert Titanium,,,,512GB,Desert Titanium,,"164,900.00"
APPLE,IPHONE,iPhone 16 Pro Max,MYX33HN/A,iPhone 16 Pro Max 512GB Natural Titanium,,,,512GB,Natural Titanium,,"164,900.00"
APPLE,IPHONE,iPhone 16 Pro Max,MYX43HN/A,iPhone 16 Pro Max 1TB Black Titanium,,,,1TB,Black Titanium,,"184,900.00"
APPLE,IPHONE,iPhone 16 Pro Max,MYX53HN/A,iPhone 16 Pro Max 1TB White Titanium,,,,1TB,White Titanium,,"184,900.00"
APPLE,IPHONE,iPhone 16 Pro Max,MYX63HN/A,iPhone 16 Pro Max 1TB Desert Titanium,,,,1TB,Desert Titanium,,"184,900.00"
APPLE,IPHONE,iPhone 16 Pro Max,MYX73HN/A,iPhone 16 Pro Max 1TB Natural Titanium,,,,1TB,Natural Titanium,,"184,900.00"
APPLE,MAC,MacBook Air,MC654HN/A,"13-inch MacBook Air: Apple M4 chip with 10-core CPU and 10-core GPU, 24GB, 512GB SSD - Silver",Apple M4 chip with 10-core CPU and 10-core GPU,,24GB,512GB SSD,Silver,,"139,900.00"
APPLE,MAC,MacBook Air,MC6A4HN/A,"13-inch MacBook Air: Apple M4 chip with 10-core CPU and 10-core GPU, 24GB, 512GB SSD - Starlight",Apple M4 chip with 10-core CPU and 10-core GPU,,24GB,512GB SSD,Starlight,,"139,900.00"
APPLE,MAC,MacBook Air,MC6C4HN/A,"13-inch MacBook Air: Apple M4 chip with 10-core CPU and 10-core GPU, 24GB, 512GB SSD - Midnight",Apple M4 chip with 10-core CPU and 10-core GPU,,24GB,512GB SSD,Midnight,,"139,900.00"
APPLE,MAC,MacBook Air,MC6J4HN/A,"15-inch MacBook Air: Apple M4 chip with 10-core CPU and 10-core GPU, 24GB, 512GB SSD - Silver",Apple M4 chip with 10-core CPU and 10-core GPU,,24GB,512GB SSD,Silver,,"164,900.00"
APPLE,MAC,MacBook Air,MC6K4HN/A,"15-inch MacBook Air: Apple M4 chip with 10-core CPU and 10-core GPU, 24GB, 512GB SSD - Starlight",Apple M4 chip with 10-core CPU and 10-core GPU,,24GB,512GB SSD,Starlight,,"164,900.00"
APPLE,MAC,MacBook Air,MC6L4HN/A,"15-inch MacBook Air: Apple M4 chip with 10-core CPU and 10-core GPU, 24GB, 512GB SSD - Midnight",Apple M4 chip with 10-core CPU and 10-core GPU,,24GB,512GB SSD,Midnight,,"164,900.00"
APPLE,MAC,MacBook Air,MC6T4HN/A,"13-inch MacBook Air: Apple M4 chip with 10-core CPU and 8-core GPU, 16GB, 256GB SSD - Sky Blue",Apple M4 chip with 10-core CPU and 8-core GPU,,16GB,256GB SSD,SkyBlue,,"99,900.00"
APPLE,MAC,MacBook Air,MC6U4HN/A,"13-inch MacBook Air: Apple M4 chip with 10-core CPU and 10-core GPU, 16GB, 512GB SSD - Sky Blue",Apple M4 chip with 10-core CPU and 10-core GPU,,16GB,512GB SSD,SkyBlue,,"119,900.00"
APPLE,MAC,MacBook Air,MC6V4HN/A,"13-inch MacBook Air: Apple M4 chip with 10-core CPU and 10-core GPU, 24GB, 512GB SSD - Sky Blue",Apple M4 chip with 10-core CPU and 10-core GPU,,24GB,512GB SSD,SkyBlue,,"139,900.00"
APPLE,MAC,MacBook Air,MC7A4HN/A,"15-inch MacBook Air: Apple M4 chip with 10-core CPU and 10-core GPU, 16GB, 256GB SSD - Sky Blue",Apple M4 chip with 10-core CPU and 10-core GPU,,16GB,256GB SSD,SkyBlue,,"124,900.00"
APPLE,MAC,MacBook Air,MC7C4HN/A,"15-inch MacBook Air: Apple M4 chip with 10-core CPU and 10-core GPU, 16GB, 512GB SSD - Sky Blue",Apple M4 chip with 10-core CPU and 10-core GPU,,16GB,512GB SSD,SkyBlue,,"144,900.00"
APPLE,MAC,MacBook Air,MC7D4HN/A,"15-inch MacBook Air: Apple M4 chip with 10-core CPU and 10-core GPU, 24GB, 512GB SSD - Sky Blue",Apple M4 chip with 10-core CPU and 10-core GPU,,24GB,512GB SSD,SkyBlue,,"164,900.00"
APPLE,MAC,MacBook Air,MC7W4HN/A,"13-inch MacBook Air: Apple M2 chip with 8-core CPU and 8-core GPU, 16GB, 256GB - Starlight",Apple M2 chip with 8-core CPU and 8-core GPU,,16GB,256GB,Starlight,,"85,900.00"
APPLE,MAC,MacBook Air,MC7X4HN/A,"13-inch MacBook Air: Apple M2 chip with 8-core CPU and 8-core GPU, 16GB, 256GB - Midnight",Apple M2 chip with 8-core CPU and 8-core GPU,,16GB,256GB,Midnight,,"85,900.00"
APPLE,MAC,iMac,MCR24HN/A,"24-inch iMac with Retina 4.5K display: Apple M4 chip with 10‑core CPU and 10‑core GPU, 24GB, 512GB SSD - Silver",Apple M4 chip with 10‑core CPU and 10‑core GPU,,24GB,512GB SSD,Silver,,"194,900.00"
APPLE,MAC,MacBook Pro,MCX04HN/A,"14-inch MacBook Pro: Apple M4 chip with 10‑core CPU and 10‑core GPU, 24GB, 1TB SSD - Space Black",Apple M4 chip with 10‑core CPU and 10‑core GPU,,24GB,1TB SSD,Space Black,,"209,900.00"
APPLE,MAC,MacBook Pro,MCX14HN/A,"14-inch MacBook Pro: Apple M4 chip with 10‑core CPU and 10‑core GPU, 24GB, 1TB SSD - Silver",Apple M4 chip with 10‑core CPU and 10‑core GPU,,24GB,1TB SSD,Silver,,"209,900.00"
APPLE,MAC,Mac mini,MCX44HN/A,"Mac mini: Apple M4 Pro chip with 12‑core CPU and 16‑core GPU, 24GB, 512GB SSD",Apple M4 Pro chip with 12‑core CPU and 16‑core GPU,,24GB,512GB SSD,-,,"149,900.00"
APPLE,MAC,Mac mini,MCYT4HN/A,"Mac mini: Apple M4 chip with 10‑core CPU and 10‑core GPU, 24GB, 512GB SSD",Apple M4 chip with 10‑core CPU and 10‑core GPU,,24GB,512GB SSD,-,,"99,900.00"
APPLE,MAC,iMac,MD2Q4HN/A,"24-inch iMac with Retina 4.5K display: Apple M4 chip with 10‑core CPU and 10‑core GPU, 24GB, 512GB SSD - Green",Apple M4 chip with 10‑core CPU and 10‑core GPU,,24GB,512GB SSD,Green,,"194,900.00"
APPLE,MAC,iMac,MD2T4HN/A,"24-inch iMac with Retina 4.5K display: Apple M4 chip with 10‑core CPU and 10‑core GPU, 24GB, 512GB SSD - Blue",Apple M4 chip with 10‑core CPU and 10‑core GPU,,24GB,512GB SSD,Blue,,"194,900.00"
APPLE,MAC,iMac,MD2U4HN/A,"24-inch iMac with Retina 4.5K display: Apple M4 chip with 10‑core CPU and 10‑core GPU, 24GB, 512GB SSD - Pink",Apple M4 chip with 10‑core CPU and 10‑core GPU,,24GB,512GB SSD,Pink,,"194,900.00"
APPLE,MAC,Mac Studio,MU963HN/A,"Mac Studio: Apple M4 Max chip with 14‑core CPU, 32‑core GPU, 36GB, 512GB",Apple M4 Max chip with 14‑core CPU and 32‑core GPU,,36GB,512GB,-,,"214,900.00"
APPLE,MAC,Mac Studio,MU973HN/A,"Mac Studio: Apple M3 Ultra chip with 28‑core CPU, 60‑core GPU, 96GB, 1TB",Apple M3 Ultra chip with 28‑core CPU 60-core GPU,,96GB,1TB,-,,"429,900.00"
APPLE,MAC,Mac mini,MU9D3HN/A,"Mac mini: Apple M4 chip with 10‑core CPU and 10‑core GPU, 16GB, 256GB SSD",Apple M4 chip with 10‑core CPU and 10‑core GPU,,16GB,256GB SSD,-,,"59,900.00"
APPLE,MAC,Mac mini,MU9E3HN/A,"Mac mini: Apple M4 chip with 10‑core CPU and 10‑core GPU, 16GB, 512GB SSD",Apple M4 chip with 10‑core CPU and 10‑core GPU,,16GB,512GB SSD,-,,"79,900.00"
APPLE,MAC,MacBook Air,MW0W3HN/A,"13-inch MacBook Air: Apple M4 chip with 10-core CPU and 8-core GPU, 16GB, 256GB SSD - Silver",Apple M4 chip with 10-core CPU and 8-core GPU,,16GB,256GB SSD,Silver,,"99,900.00"
APPLE,MAC,MacBook Air,MW0X3HN/A,"13-inch MacBook Air: Apple M4 chip with 10-core CPU and 10-core GPU, 16GB, 512GB SSD - Silver",Apple M4 chip with 10-core CPU and 10-core GPU,,16GB,512GB SSD,Silver,,"119,900.00"
APPLE,MAC,MacBook Air,MW0Y3HN/A,"13-inch MacBook Air: Apple M4 chip with 10-core CPU and 8-core GPU, 16GB, 256GB SSD - Starlight",Apple M4 chip with 10-core CPU and 8-core GPU,,16GB,256GB SSD,Starlight,,"99,900.00"
APPLE,MAC,MacBook Air,MW103HN/A,"13-inch MacBook Air: Apple M4 chip with 10-core CPU and 10-core GPU, 16GB, 512GB SSD - Starlight",Apple M4 chip with 10-core CPU and 10-core GPU,,16GB,512GB SSD,Starlight,,"119,900.00"
APPLE,MAC,MacBook Air,MW123HN/A,"13-inch MacBook Air: Apple M4 chip with 10-core CPU and 8-core GPU, 16GB, 256GB SSD - Midnight",Apple M4 chip with 10-core CPU and 8-core GPU,,16GB,256GB SSD,Midnight,,"99,900.00"
APPLE,MAC,MacBook Air,MW133HN/A,"13-inch MacBook Air: Apple M4 chip with 10-core CPU and 10-core GPU, 16GB, 512GB SSD - Midnight",Apple M4 chip with 10-core CPU and 10-core GPU,,16GB,512GB SSD,Midnight,,"119,900.00"
APPLE,MAC,MacBook Air,MW1G3HN/A,"15-inch MacBook Air: Apple M4 chip with 10-core CPU and 10-core GPU, 16GB, 256GB SSD - Silver",Apple M4 chip with 10-core CPU and 10-core GPU,,16GB,256GB SSD,Silver,,"124,900.00"
APPLE,MAC,MacBook Air,MW1H3HN/A,"15-inch MacBook Air: Apple M4 chip with 10-core CPU and 10-core GPU, 16GB, 512GB SSD - Silver",Apple M4 chip with 10-core CPU and 10-core GPU,,16GB,512GB SSD,Silver,,"144,900.00"
APPLE,MAC,MacBook Air,MW1J3HN/A,"15-inch MacBook Air: Apple M4 chip with 10-core CPU and 10-core GPU, 16GB, 256GB SSD - Starlight",Apple M4 chip with 10-core CPU and 10-core GPU,,16GB,256GB SSD,Starlight,,"124,900.00"
APPLE,MAC,MacBook Air,MW1K3HN/A,"15-inch MacBook Air: Apple M4 chip with 10-core CPU and 10-core GPU, 16GB, 512GB SSD - Starlight",Apple M4 chip with 10-core CPU and 10-core GPU,,16GB,512GB SSD,Starlight,,"144,900.00"
APPLE,MAC,MacBook Air,MW1L3HN/A,"15-inch MacBook Air: Apple M4 chip with 10-core CPU and 10-core GPU, 16GB, 256GB SSD - Midnight",Apple M4 chip with 10-core CPU and 10-core GPU,,16GB,256GB SSD,Midnight,,"124,900.00"
APPLE,MAC,MacBook Air,MW1M3HN/A,"15-inch MacBook Air: Apple M4 chip with 10-core CPU and 10-core GPU, 16GB, 512GB SSD - Midnight",Apple M4 chip with 10-core CPU and 10-core GPU,,16GB,512GB SSD,Midnight,,"144,900.00"
APPLE,MAC,MacBook Pro,MW2U3HN/A,"14-inch MacBook Pro: Apple M4 chip with 10‑core CPU and 10‑core GPU, 16GB, 512GB SSD - Space Black",Apple M4 chip with 10‑core CPU and 10‑core GPU,,16GB,512GB SSD,Space Black,,"169,900.00"
APPLE,MAC,MacBook Pro,MW2V3HN/A,"14-inch MacBook Pro: Apple M4 chip with 10‑core CPU and 10‑core GPU, 16GB, 1TB SSD - Space Black",Apple M4 chip with 10‑core CPU and 10‑core GPU,,16GB,1TB SSD,Space Black,,"189,900.00"
APPLE,MAC,MacBook Pro,MW2W3HN/A,"14-inch MacBook Pro: Apple M4 chip with 10‑core CPU and 10‑core GPU, 16GB, 512GB SSD - Silver",Apple M4 chip with 10‑core CPU and 10‑core GPU,,16GB,512GB SSD,Silver,,"169,900.00"
APPLE,MAC,MacBook Pro,MW2X3HN/A,"14-inch MacBook Pro: Apple M4 chip with 10‑core CPU and 10‑core GPU, 16GB, 1TB SSD - Silver",Apple M4 chip with 10‑core CPU and 10‑core GPU,,16GB,1TB SSD,Silver,,"189,900.00"
APPLE,MAC,iMac,MWUC3HN/A,"24-inch iMac with Retina 4.5K display: Apple M4 chip with 8‑core CPU and 8‑core GPU, 16GB, 256GB SSD - Silver",Apple M4 chip with 8‑core CPU and 8‑core GPU,,16GB,256GB SSD,Silver,,"134,900.00"
APPLE,MAC,iMac,MWUE3HN/A,"24-inch iMac with Retina 4.5K display: Apple M4 chip with 8‑core CPU and 8‑core GPU, 16GB, 256GB SSD - Green",Apple M4 chip with 8‑core CPU and 8‑core GPU,,16GB,256GB SSD,Green,,"134,900.00"
APPLE,MAC,iMac,MWUF3HN/A,"24-inch iMac with Retina 4.5K display: Apple M4 chip with 8‑core CPU and 8‑core GPU, 16GB, 256GB SSD - Blue",Apple M4 chip with 8‑core CPU and 8‑core GPU,,16GB,256GB SSD,Blue,,"134,900.00"
APPLE,MAC,iMac,MWUG3HN/A,"24-inch iMac with Retina 4.5K display: Apple M4 chip with 8‑core CPU and 8‑core GPU, 16GB, 256GB SSD - Pink",Apple M4 chip with 8‑core CPU and 8‑core GPU,,16GB,256GB SSD,Pink,,"134,900.00"
APPLE,MAC,iMac,MWUU3HN/A,"24-inch iMac with Retina 4.5K display: Apple M4 chip with 10‑core CPU and 10‑core GPU, 16GB, 256GB SSD - Silver",Apple M4 chip with 10‑core CPU and 10‑core GPU,,16GB,256GB SSD,Silver,,"154,900.00"
APPLE,MAC,iMac,MWUV3HN/A,"24-inch iMac with Retina 4.5K display: Apple M4 chip with 10‑core CPU and 10‑core GPU, 16GB, 512GB SSD - Silver",Apple M4 chip with 10‑core CPU and 10‑core GPU,,16GB,512GB SSD,Silver,,"174,900.00"
APPLE,MAC,iMac,MWUY3HN/A,"24-inch iMac with Retina 4.5K display: Apple M4 chip with 10‑core CPU and 10‑core GPU, 16GB, 256GB SSD - Green",Apple M4 chip with 10‑core CPU and 10‑core GPU,,16GB,256GB SSD,Green,,"154,900.00"
APPLE,MAC,iMac,MWV03HN/A,"24-inch iMac with Retina 4.5K display: Apple M4 chip with 10‑core CPU and 10‑core GPU, 16GB, 512GB SSD - Green",Apple M4 chip with 10‑core CPU and 10‑core GPU,,16GB,512GB SSD,Green,,"174,900.00"
APPLE,MAC,iMac,MWV13HN/A,"24-inch iMac with Retina 4.5K display: Apple M4 chip with 10‑core CPU and 10‑core GPU, 16GB, 256GB SSD - Blue",Apple M4 chip with 10‑core CPU and 10‑core GPU,,16GB,256GB SSD,Blue,,"154,900.00"
APPLE,MAC,iMac,MWV33HN/A,"24-inch iMac with Retina 4.5K display: Apple M4 chip with 10‑core CPU and 10‑core GPU, 16GB, 512GB SSD - Blue",Apple M4 chip with 10‑core CPU and 10‑core GPU,,16GB,512GB SSD,Blue,,"174,900.00"
APPLE,MAC,iMac,MWV43HN/A,"24-inch iMac with Retina 4.5K display: Apple M4 chip with 10‑core CPU and 10‑core GPU, 16GB, 256GB SSD - Pink",Apple M4 chip with 10‑core CPU and 10‑core GPU,,16GB,256GB SSD,Pink,,"154,900.00"
APPLE,MAC,iMac,MWV53HN/A,"24-inch iMac with Retina 4.5K display: Apple M4 chip with 10‑core CPU and 10‑core GPU, 16GB, 512GB SSD - Pink",Apple M4 chip with 10‑core CPU and 10‑core GPU,,16GB,512GB SSD,Pink,,"174,900.00"
APPLE,MAC,MacBook Pro,MX2E3HN/A,"14-inch MacBook Pro: Apple M4 Pro chip with 12‑core CPU and 16‑core GPU, 24GB, 512GB SSD - Silver",Apple M4 Pro chip with 12‑core CPU and 16‑core GPU,,24GB,512GB SSD,Silver,,"199,900.00"
APPLE,MAC,MacBook Pro,MX2F3HN/A,"14-inch MacBook Pro: Apple M4 Pro chip with 14‑core CPU and 20‑core GPU, 24GB, 1TB SSD - Silver",Apple M4 Pro chip with 14‑core CPU and 20‑core GPU,,24GB,1TB SSD,Silver,,"239,900.00"
APPLE,MAC,MacBook Pro,MX2G3HN/A,"14-inch MacBook Pro: Apple M4 Max chip with 14‑core CPU and 32‑core GPU, 36GB, 1TB SSD - Silver",Apple M4 Max chip with 14‑core CPU and 32‑core GPU,,36GB,1TB SSD,Silver,,"319,900.00"
APPLE,MAC,MacBook Pro,MX2H3HN/A,"14-inch MacBook Pro: Apple M4 Pro chip with 12‑core CPU and 16‑core GPU, 24GB, 512GB SSD - Space Black",Apple M4 Pro chip with 12‑core CPU and 16‑core GPU,,24GB,512GB SSD,Space Black,,"199,900.00"
APPLE,MAC,MacBook Pro,MX2J3HN/A,"14-inch MacBook Pro: Apple M4 Pro chip with 14‑core CPU and 20‑core GPU, 24GB, 1TB SSD - Space Black",Apple M4 Pro chip with 14‑core CPU and 20‑core GPU,,24GB,1TB SSD,Space Black,,"239,900.00"
APPLE,MAC,MacBook Pro,MX2K3HN/A,"14-inch MacBook Pro: Apple M4 Max chip with 14‑core CPU and 32‑core GPU, 36GB, 1TB SSD - Space Black",Apple M4 Max chip with 14‑core CPU and 32‑core GPU,,36GB,1TB SSD,Space Black,,"319,900.00"
APPLE,MAC,MacBook Pro,MX2T3HN/A,"16-inch MacBook Pro: Apple M4 Pro chip with 14‑core CPU and 20‑core GPU, 24GB, 512GB SSD - Silver",Apple M4 Pro chip with 14‑core CPU and 20‑core GPU,,24GB,512GB SSD,Silver,,"249,900.00"
APPLE,MAC,MacBook Pro,MX2U3HN/A,"16-inch MacBook Pro: Apple M4 Pro chip with 14‑core CPU and 20‑core GPU, 48GB, 512GB SSD - Silver",Apple M4 Pro chip with 14‑core CPU and 20‑core GPU,,48GB,512GB SSD,Silver,,"289,900.00"
APPLE,MAC,MacBook Pro,MX2V3HN/A,"16-inch MacBook Pro: Apple M4 Max chip with 14‑core CPU and 32‑core GPU, 36GB, 1TB SSD - Silver",Apple M4 Max chip with 14‑core CPU and 32‑core GPU,,36GB,1TB SSD,Silver,,"349,900.00"
APPLE,MAC,MacBook Pro,MX2W3HN/A,"16-inch MacBook Pro: Apple M4 Max chip with 16‑core CPU and 40‑core GPU, 48GB, 1TB SSD - Silver",Apple M4 Max chip with 16‑core CPU and 40‑core GPU,,48GB,1TB SSD,Silver,,"399,900.00"
APPLE,MAC,MacBook Pro,MX2X3HN/A,"16-inch MacBook Pro: Apple M4 Pro chip with 14‑core CPU and 20‑core GPU, 24GB, 512GB SSD - Space Black",Apple M4 Pro chip with 14‑core CPU and 20‑core GPU,,24GB,512GB SSD,Space Black,,"249,900.00"
APPLE,MAC,MacBook Pro,MX2Y3HN/A,"16-inch MacBook Pro: Apple M4 Pro chip with 14‑core CPU and 20‑core GPU, 48GB, 512GB SSD - Space Black",Apple M4 Pro chip with 14‑core CPU and 20‑core GPU,,48GB,512GB SSD,Space Black,,"289,900.00"
APPLE,MAC,MacBook Pro,MX303HN/A,"16-inch MacBook Pro: Apple M4 Max chip with 14‑core CPU and 32‑core GPU, 36GB, 1TB SSD - Space Black",Apple M4 Max chip with 14‑core CPU and 32‑core GPU,,36GB,1TB SSD,Space Black,,"349,900.00"
APPLE,MAC,MacBook Pro,MX313HN/A,"16-inch MacBook Pro: Apple M4 Max chip with 16‑core CPU and 40‑core GPU, 48GB, 1TB SSD - Space Black",Apple M4 Max chip with 16‑core CPU and 40‑core GPU,,48GB,1TB SSD,Space Black,,"399,900.00"
APPLE,WEARABLES,Apple Watch,MC7Q4HN/A,Apple Watch Series 10 GPS + Cellular 46mm Natural Titanium Case with Natural Milanese Loop - S/M,,GPS + Cellular,,,,,"89,900.00"
APPLE,WEARABLES,Apple Watch,MC7R4HN/A,Apple Watch Series 10 GPS + Cellular 46mm Slate Titanium Case with Slate Milanese Loop - S/M,,GPS + Cellular,,,,,"89,900.00"
APPLE,WEARABLES,Apple Watch,MC7T4HN/A,Apple Watch Series 10 GPS + Cellular 46mm Gold Titanium Case with Gold Milanese Loop - S/M,,GPS + Cellular,,,,,"89,900.00"
APPLE,WEARABLES,Apple Watch,MWWA3HN/A,Apple Watch Series 10 GPS 42mm Silver Aluminium Case with Denim Sport Band - S/M,,GPS,,,,,"46,900.00"
APPLE,WEARABLES,Apple Watch,MWWC3HN/A,Apple Watch Series 10 GPS 42mm Silver Aluminium Case with Denim Sport Band - M/L,,GPS,,,,,"46,900.00"
APPLE,WEARABLES,Apple Watch,MWWD3HN/A,Apple Watch Series 10 GPS 42mm Silver Aluminium Case with Blue Cloud Sport Loop,,GPS,,,,,"46,900.00"
APPLE,WEARABLES,Apple Watch,MWWE3HN/A,Apple Watch Series 10 GPS 42mm Jet Black Aluminium Case with Black Sport Band - S/M,,GPS,,,,,"46,900.00"
APPLE,WEARABLES,Apple Watch,MWWF3HN/A,Apple Watch Series 10 GPS 42mm Jet Black Aluminium Case with Black Sport Band - M/L,,GPS,,,,,"46,900.00"
APPLE,WEARABLES,Apple Watch,MWWG3HN/A,Apple Watch Series 10 GPS 42mm Jet Black Aluminium Case with Ink Sport Loop,,GPS,,,,,"46,900.00"
APPLE,WEARABLES,Apple Watch,MWWH3HN/A,Apple Watch Series 10 GPS 42mm Rose Gold Aluminium Case with Light Blush Sport Band - S/M,,GPS,,,,,"46,900.00"
APPLE,WEARABLES,Apple Watch,MWWJ3HN/A,Apple Watch Series 10 GPS 42mm Rose Gold Aluminium Case with Light Blush Sport Band - M/L,,GPS,,,,,"46,900.00"
APPLE,WEARABLES,Apple Watch,MWWK3HN/A,Apple Watch Series 10 GPS 42mm Rose Gold Aluminium Case with Plum Sport Loop,,GPS,,,,,"46,900.00"
APPLE,WEARABLES,Apple Watch,MWWL3HN/A,Apple Watch Series 10 GPS 46mm Silver Aluminium Case with Denim Sport Band - S/M,,GPS,,,,,"49,900.00"
APPLE,WEARABLES,Apple Watch,MWWM3HN/A,Apple Watch Series 10 GPS 46mm Silver Aluminium Case with Denim Sport Band - M/L,,GPS,,,,,"49,900.00"
APPLE,WEARABLES,Apple Watch,MWWN3HN/A,Apple Watch Series 10 GPS 46mm Silver Aluminium Case with Blue Cloud Sport Loop,,GPS,,,,,"49,900.00"
APPLE,WEARABLES,Apple Watch,MWWP3HN/A,Apple Watch Series 10 GPS 46mm Jet Black Aluminium Case with Black Sport Band - S/M,,GPS,,,,,"49,900.00"
APPLE,WEARABLES,Apple Watch,MWWQ3HN/A,Apple Watch Series 10 GPS 46mm Jet Black Aluminium Case with Black Sport Band - M/L,,GPS,,,,,"49,900.00"
APPLE,WEARABLES,Apple Watch,MWWR3HN/A,Apple Watch Series 10 GPS 46mm Jet Black Aluminium Case with Ink Sport Loop,,GPS,,,,,"49,900.00"
APPLE,WEARABLES,Apple Watch,MWWT3HN/A,Apple Watch Series 10 GPS 46mm Rose Gold Aluminium Case with Light Blush Sport Band - S/M,,GPS,,,,,"49,900.00"
APPLE,WEARABLES,Apple Watch,MWWU3HN/A,Apple Watch Series 10 GPS 46mm Rose Gold Aluminium Case with Light Blush Sport Band - M/L,,GPS,,,,,"49,900.00"
APPLE,WEARABLES,Apple Watch,MWWV3HN/A,Apple Watch Series 10 GPS 46mm Rose Gold Aluminium Case with Plum Sport Loop,,GPS,,,,,"49,900.00"
APPLE,WEARABLES,Apple Watch,MWX33HN/A,Apple Watch Series 10 GPS + Cellular 42mm Silver Aluminium Case with Denim Sport Band - S/M,,GPS + Cellular,,,,,"56,900.00"
APPLE,WEARABLES,Apple Watch,MWX43HN/A,Apple Watch Series 10 GPS + Cellular 42mm Silver Aluminium Case with Denim Sport Band - M/L,,GPS + Cellular,,,,,"56,900.00"
APPLE,WEARABLES,Apple Watch,MWX53HN/A,Apple Watch Series 10 GPS + Cellular 42mm Silver Aluminium Case with Blue Cloud Sport Loop,,GPS + Cellular,,,,,"56,900.00"
APPLE,WEARABLES,Apple Watch,MWX63HN/A,Apple Watch Series 10 GPS + Cellular 42mm Jet Black Aluminium Case with Black Sport Band - S/M,,GPS + Cellular,,,,,"56,900.00"
APPLE,WEARABLES,Apple Watch,MWX73HN/A,Apple Watch Series 10 GPS + Cellular 42mm Jet Black Aluminium Case with Black Sport Band - M/L,,GPS + Cellular,,,,,"56,900.00"
APPLE,WEARABLES,Apple Watch,MWX83HN/A,Apple Watch Series 10 GPS + Cellular 42mm Jet Black Aluminium Case with Ink Sport Loop,,GPS + Cellular,,,,,"56,900.00"
APPLE,WEARABLES,Apple Watch,MWX93HN/A,Apple Watch Series 10 GPS + Cellular 42mm Rose Gold Aluminium Case with Light Blush Sport Band - S/M,,GPS + Cellular,,,,,"56,900.00"
APPLE,WEARABLES,Apple Watch,MWXA3HN/A,Apple Watch Series 10 GPS + Cellular 42mm Rose Gold Aluminium Case with Light Blush Sport Band - M/L,,GPS + Cellular,,,,,"56,900.00"
APPLE,WEARABLES,Apple Watch,MWXC3HN/A,Apple Watch Series 10 GPS + Cellular 42mm Rose Gold Aluminium Case with Plum Sport Loop,,GPS + Cellular,,,,,"56,900.00"
APPLE,WEARABLES,Apple Watch,MWXD3HN/A,Apple Watch Series 10 GPS + Cellular 42mm Natural Titanium Case with Stone Grey Sport Band - S/M,,GPS + Cellular,,,,,"79,900.00"
APPLE,WEARABLES,Apple Watch,MWXE3HN/A,Apple Watch Series 10 GPS + Cellular 42mm Natural Titanium Case with Stone Grey Sport Band - M/L,,GPS + Cellular,,,,,"79,900.00"
APPLE,WEARABLES,Apple Watch,MWXF3HN/A,Apple Watch Series 10 GPS + Cellular 42mm Natural Titanium Case with Natural Milanese Loop,,GPS + Cellular,,,,,"84,900.00"
APPLE,WEARABLES,Apple Watch,MWXG3HN/A,Apple Watch Series 10 GPS + Cellular 42mm Slate Titanium Case with Black Sport Band - S/M,,GPS + Cellular,,,,,"79,900.00"
APPLE,WEARABLES,Apple Watch,MWXH3HN/A,Apple Watch Series 10 GPS + Cellular 42mm Slate Titanium Case with Black Sport Band - M/L,,GPS + Cellular,,,,,"79,900.00"
APPLE,WEARABLES,Apple Watch,MWY03HN/A,Apple Watch Series 10 GPS + Cellular 46mm Silver Aluminium Case with Denim Sport Band - S/M,,GPS + Cellular,,,,,"59,900.00"
APPLE,WEARABLES,Apple Watch,MWY13HN/A,Apple Watch Series 10 GPS + Cellular 46mm Silver Aluminium Case with Denim Sport Band - M/L,,GPS + Cellular,,,,,"59,900.00"
APPLE,WEARABLES,Apple Watch,MWY23HN/A,Apple Watch Series 10 GPS + Cellular 46mm Silver Aluminium Case with Blue Cloud Sport Loop,,GPS + Cellular,,,,,"59,900.00"
APPLE,WEARABLES,Apple Watch,MWY33HN/A,Apple Watch Series 10 GPS + Cellular 46mm Jet Black Aluminium Case with Black Sport Band - S/M,,GPS + Cellular,,,,,"59,900.00"
APPLE,WEARABLES,Apple Watch,MWY43HN/A,Apple Watch Series 10 GPS + Cellular 46mm Jet Black Aluminium Case with Black Sport Band - M/L,,GPS + Cellular,,,,,"59,900.00"
APPLE,WEARABLES,Apple Watch,MWY53HN/A,Apple Watch Series 10 GPS + Cellular 46mm Jet Black Aluminium Case with Ink Sport Loop,,GPS + Cellular,,,,,"59,900.00"
APPLE,WEARABLES,Apple Watch,MWY63HN/A,Apple Watch Series 10 GPS + Cellular 46mm Rose Gold Aluminium Case with Light Blush Sport Band - S/M,,GPS + Cellular,,,,,"59,900.00"
APPLE,WEARABLES,Apple Watch,MWY73HN/A,Apple Watch Series 10 GPS + Cellular 46mm Rose Gold Aluminium Case with Light Blush Sport Band - M/L,,GPS + Cellular,,,,,"59,900.00"
APPLE,WEARABLES,Apple Watch,MWY83HN/A,Apple Watch Series 10 GPS + Cellular 46mm Rose Gold Aluminium Case with Plum Sport Loop,,GPS + Cellular,,,,,"59,900.00"
APPLE,WEARABLES,Apple Watch,MWY93HN/A,Apple Watch Series 10 GPS + Cellular 46mm Natural Titanium Case with Stone Grey Sport Band - S/M,,GPS + Cellular,,,,,"84,900.00"
APPLE,WEARABLES,Apple Watch,MWYA3HN/A,Apple Watch Series 10 GPS + Cellular 46mm Natural Titanium Case with Stone Grey Sport Band - M/L,,GPS + Cellular,,,,,"84,900.00"
APPLE,WEARABLES,Apple Watch,MWYC3HN/A,Apple Watch Series 10 GPS + Cellular 46mm Natural Titanium Case with Natural Milanese Loop - M/L,,GPS + Cellular,,,,,"89,900.00"
APPLE,WEARABLES,Apple Watch,MWYD3HN/A,Apple Watch Series 10 GPS + Cellular 46mm Slate Titanium Case with Black Sport Band - S/M,,GPS + Cellular,,,,,"84,900.00"
APPLE,WEARABLES,Apple Watch,MWYE3HN/A,Apple Watch Series 10 GPS + Cellular 46mm Slate Titanium Case with Black Sport Band - M/L,,GPS + Cellular,,,,,"84,900.00"
APPLE,WEARABLES,Apple Watch,MWYW3HN/A,Apple Watch Series 10 GPS + Cellular 46mm Slate Titanium Case with Slate Milanese Loop - M/L,,GPS + Cellular,,,,,"89,900.00"
APPLE,WEARABLES,Apple Watch,MWYX3HN/A,Apple Watch Series 10 GPS + Cellular 46mm Gold Titanium Case with Starlight Sport Band - S/M,,GPS + Cellular,,,,,"84,900.00"
APPLE,WEARABLES,Apple Watch,MWYY3HN/A,Apple Watch Series 10 GPS + Cellular 46mm Gold Titanium Case with Starlight Sport Band - M/L,,GPS + Cellular,,,,,"84,900.00"
APPLE,WEARABLES,Apple Watch,MX003HN/A,Apple Watch Series 10 GPS + Cellular 46mm Gold Titanium Case with Gold Milanese Loop - M/L,,GPS + Cellular,,,,,"89,900.00"
APPLE,WEARABLES,Apple Watch,MX053HN/A,Apple Watch Series 10 GPS + Cellular 42mm Slate Titanium Case with Slate Milanese Loop,,GPS + Cellular,,,,,"84,900.00"
APPLE,WEARABLES,Apple Watch,MX063HN/A,Apple Watch Series 10 GPS + Cellular 42mm Gold Titanium Case with Starlight Sport Band - S/M,,GPS + Cellular,,,,,"79,900.00"
APPLE,WEARABLES,Apple Watch,MX073HN/A,Apple Watch Series 10 GPS + Cellular 42mm Gold Titanium Case with Starlight Sport Band - M/L,,GPS + Cellular,,,,,"79,900.00"
APPLE,WEARABLES,Apple Watch,MX083HN/A,Apple Watch Series 10 GPS + Cellular 42mm Gold Titanium Case with Gold Milanese Loop,,GPS + Cellular,,,,,"84,900.00"
APPLE,WEARABLES,Apple Watch,MX4D3HN/A,Apple Watch Ultra 2 GPS + Cellular 49mm Natural Titanium Case with Navy Ocean Band,,GPS + Cellular,,,,,"89,900.00"
APPLE,WEARABLES,Apple Watch,MX4E3HN/A,Apple Watch Ultra 2 GPS + Cellular 49mm Natural Titanium Case with Tan Alpine Loop - Small,,GPS + Cellular,,,,,"89,900.00"
APPLE,WEARABLES,Apple Watch,MX4F3HN/A,Apple Watch Ultra 2 GPS + Cellular 49mm Natural Titanium Case with Tan Alpine Loop - Medium,,GPS + Cellular,,,,,"89,900.00"
APPLE,WEARABLES,Apple Watch,MX4H3HN/A,Apple Watch Ultra 2 GPS + Cellular 49mm Natural Titanium Case with Tan Alpine Loop - Large,,GPS + Cellular,,,,,"89,900.00"
APPLE,WEARABLES,Apple Watch,MX4J3HN/A,Apple Watch Ultra 2 GPS + Cellular 49mm Natural Titanium Case with Blue Trail Loop - S/M,,GPS + Cellular,,,,,"89,900.00"
APPLE,WEARABLES,Apple Watch,MX4L3HN/A,Apple Watch Ultra 2 GPS + Cellular 49mm Natural Titanium Case with Blue Trail Loop - M/L,,GPS + Cellular,,,,,"89,900.00"
APPLE,WEARABLES,Apple Watch,MX4M3HN/A,Apple Watch Ultra 2 GPS + Cellular 49mm Natural Titanium Case with Natural Titanium Milanese Loop - S,,GPS + Cellular,,,,,"104,900.00"
APPLE,WEARABLES,Apple Watch,MX4P3HN/A,Apple Watch Ultra 2 GPS + Cellular 49mm Black Titanium Case with Black Ocean Band,,GPS + Cellular,,,,,"89,900.00"
APPLE,WEARABLES,Apple Watch,MX4Q3HN/A,Apple Watch Ultra 2 GPS + Cellular 49mm Black Titanium Case with Dark Green Alpine Loop - Small,,GPS + Cellular,,,,,"89,900.00"
APPLE,WEARABLES,Apple Watch,MX4R3HN/A,Apple Watch Ultra 2 GPS + Cellular 49mm Black Titanium Case with Dark Green Alpine Loop - Medium,,GPS + Cellular,,,,,"89,900.00"
APPLE,WEARABLES,Apple Watch,MX4T3HN/A,Apple Watch Ultra 2 GPS + Cellular 49mm Black Titanium Case with Dark Green Alpine Loop - Large,,GPS + Cellular,,,,,"89,900.00"
APPLE,WEARABLES,Apple Watch,MX4U3HN/A,Apple Watch Ultra 2 GPS + Cellular 49mm Black Titanium Case with Black Trail Loop - S/M,,GPS + Cellular,,,,,"89,900.00"
APPLE,WEARABLES,Apple Watch,MX4V3HN/A,Apple Watch Ultra 2 GPS + Cellular 49mm Black Titanium Case with Black Trail Loop - M/L,,GPS + Cellular,,,,,"89,900.00"
APPLE,WEARABLES,Apple Watch,MX4W3HN/A,Apple Watch Ultra 2 GPS + Cellular 49mm Black Titanium Case with Black Titanium Milanese Loop - S,,GPS + Cellular,,,,,"104,900.00"
APPLE,WEARABLES,Apple Watch,MX5R3HN/A,Apple Watch Ultra 2 GPS + Cellular 49mm Natural Titanium Case with Natural Titanium Milanese Loop - M,,GPS + Cellular,,,,,"104,900.00"
APPLE,WEARABLES,Apple Watch,MX5T3HN/A,Apple Watch Ultra 2 GPS + Cellular 49mm Natural Titanium Case with Natural Titanium Milanese Loop - L,,GPS + Cellular,,,,,"104,900.00"
APPLE,WEARABLES,Apple Watch,MX5U3HN/A,Apple Watch Ultra 2 GPS + Cellular 49mm Black Titanium Case with Black Titanium Milanese Loop - M,,GPS + Cellular,,,,,"104,900.00"
APPLE,WEARABLES,Apple Watch,MX5V3HN/A,Apple Watch Ultra 2 GPS + Cellular 49mm Black Titanium Case with Black Titanium Milanese Loop - L,,GPS + Cellular,,,,,"104,900.00"
APPLE,WEARABLES,Apple Watch,MXE73HN/A,Apple Watch SE GPS 40mm Midnight Aluminium Case with Midnight Sport Band - S/M,,GPS,,,,,"24,900.00"
APPLE,WEARABLES,Apple Watch,MXE93HN/A,Apple Watch SE GPS 40mm Midnight Aluminium Case with Midnight Sport Band - M/L,,GPS,,,,,"24,900.00"
APPLE,WEARABLES,Apple Watch,MXEA3HN/A,Apple Watch SE GPS 40mm Midnight Aluminium Case with Ink Sport Loop,,GPS,,,,,"24,900.00"
APPLE,WEARABLES,Apple Watch,MXEC3HN/A,Apple Watch SE GPS 40mm Silver Aluminium Case with Denim Sport Band - S/M,,GPS,,,,,"24,900.00"
APPLE,WEARABLES,Apple Watch,MXED3HN/A,Apple Watch SE GPS 40mm Silver Aluminium Case with Denim Sport Band - M/L,,GPS,,,,,"24,900.00"
APPLE,WEARABLES,Apple Watch,MXEE3HN/A,Apple Watch SE GPS 40mm Silver Aluminium Case with Blue Cloud Sport Loop,,GPS,,,,,"24,900.00"
APPLE,WEARABLES,Apple Watch,MXEF3HN/A,Apple Watch SE GPS 40mm Starlight Aluminium Case with Starlight Sport Band - S/M,,GPS,,,,,"24,900.00"
APPLE,WEARABLES,Apple Watch,MXEG3HN/A,Apple Watch SE GPS 40mm Starlight Aluminium Case with Starlight Sport Band - M/L,,GPS,,,,,"24,900.00"
APPLE,WEARABLES,Apple Watch,MXEH3HN/A,Apple Watch SE GPS 40mm Starlight Aluminium Case with Lake Green Sport Loop,,GPS,,,,,"24,900.00"
APPLE,WEARABLES,Apple Watch,MXEJ3HN/A,Apple Watch SE GPS 44mm Midnight Aluminium Case with Midnight Sport Band - S/M,,GPS,,,,,"27,900.00"
APPLE,WEARABLES,Apple Watch,MXEK3HN/A,Apple Watch SE GPS 44mm Midnight Aluminium Case with Midnight Sport Band - M/L,,GPS,,,,,"27,900.00"
APPLE,WEARABLES,Apple Watch,MXEP3HN/A,Apple Watch SE GPS 44mm Midnight Aluminium Case with Ink Sport Loop,,GPS,,,,,"27,900.00"
APPLE,WEARABLES,Apple Watch,MXEQ3HN/A,Apple Watch SE GPS 44mm Silver Aluminium Case with Denim Sport Band - S/M,,GPS,,,,,"27,900.00"
APPLE,WEARABLES,Apple Watch,MXER3HN/A,Apple Watch SE GPS 44mm Silver Aluminium Case with Denim Sport Band - M/L,,GPS,,,,,"27,900.00"
APPLE,WEARABLES,Apple Watch,MXET3HN/A,Apple Watch SE GPS 44mm Silver Aluminium Case with Blue Cloud Sport Loop,,GPS,,,,,"27,900.00"
APPLE,WEARABLES,Apple Watch,MXEU3HN/A,Apple Watch SE GPS 44mm Starlight Aluminium Case with Starlight Sport Band - S/M,,GPS,,,,,"27,900.00"
APPLE,WEARABLES,Apple Watch,MXEV3HN/A,Apple Watch SE GPS 44mm Starlight Aluminium Case with Starlight Sport Band - M/L,,GPS,,,,,"27,900.00"
APPLE,WEARABLES,Apple Watch,MXEW3HN/A,Apple Watch SE GPS 44mm Starlight Aluminium Case with Lake Green Sport Loop,,GPS,,,,,"27,900.00"
APPLE,WEARABLES,Apple Watch,MXGA3HN/A,Apple Watch SE GPS + Cellular 40mm Midnight Aluminium Case with Ink Sport Loop,,GPS + Cellular,,,,,"29,900.00"
APPLE,WEARABLES,Apple Watch,MXGC3HN/A,Apple Watch SE GPS + Cellular 40mm Midnight Aluminium Case with Midnight Sport Band - S/M,,GPS + Cellular,,,,,"29,900.00"
APPLE,WEARABLES,Apple Watch,MXGD3HN/A,Apple Watch SE GPS + Cellular 40mm Midnight Aluminium Case with Midnight Sport Band - M/L,,GPS + Cellular,,,,,"29,900.00"
APPLE,WEARABLES,Apple Watch,MXGE3HN/A,Apple Watch SE GPS + Cellular 40mm Silver Aluminium Case with Blue Cloud Sport Loop,,GPS + Cellular,,,,,"29,900.00"
APPLE,WEARABLES,Apple Watch,MXGF3HN/A,Apple Watch SE GPS + Cellular 40mm Silver Aluminium Case with Denim Sport Band - S/M,,GPS + Cellular,,,,,"29,900.00"
APPLE,WEARABLES,Apple Watch,MXGG3HN/A,Apple Watch SE GPS + Cellular 40mm Silver Aluminium Case with Denim Sport Band - M/L,,GPS + Cellular,,,,,"29,900.00"
APPLE,WEARABLES,Apple Watch,MXGH3HN/A,Apple Watch SE GPS + Cellular 40mm Starlight Aluminium Case with Lake Green Sport Loop,,GPS + Cellular,,,,,"29,900.00"
APPLE,WEARABLES,Apple Watch,MXGJ3HN/A,Apple Watch SE GPS + Cellular 40mm Starlight Aluminium Case with Starlight Sport Band - S/M,,GPS + Cellular,,,,,"29,900.00"
APPLE,WEARABLES,Apple Watch,MXGK3HN/A,Apple Watch SE GPS + Cellular 40mm Starlight Aluminium Case with Starlight Sport Band - M/L,,GPS + Cellular,,,,,"29,900.00"
APPLE,WEARABLES,Apple Watch,MXGL3HN/A,Apple Watch SE GPS + Cellular 44mm Midnight Aluminium Case with Midnight Sport Band - S/M,,GPS + Cellular,,,,,"32,900.00"
APPLE,WEARABLES,Apple Watch,MXGM3HN/A,Apple Watch SE GPS + Cellular 44mm Midnight Aluminium Case with Midnight Sport Band - M/L,,GPS + Cellular,,,,,"32,900.00"
APPLE,WEARABLES,Apple Watch,MXGN3HN/A,Apple Watch SE GPS + Cellular 44mm Midnight Aluminium Case with Ink Sport Loop,,GPS + Cellular,,,,,"32,900.00"
APPLE,WEARABLES,Apple Watch,MXGP3HN/A,Apple Watch SE GPS + Cellular 44mm Silver Aluminium Case with Denim Sport Band - S/M,,GPS + Cellular,,,,,"32,900.00"
APPLE,WEARABLES,Apple Watch,MXGQ3HN/A,Apple Watch SE GPS + Cellular 44mm Silver Aluminium Case with Denim Sport Band - M/L,,GPS + Cellular,,,,,"32,900.00"
APPLE,WEARABLES,Apple Watch,MXGR3HN/A,Apple Watch SE GPS + Cellular 44mm Silver Aluminium Case with Blue Cloud Sport Loop,,GPS + Cellular,,,,,"32,900.00"
APPLE,WEARABLES,Apple Watch,MXGT3HN/A,Apple Watch SE GPS + Cellular 44mm Starlight Aluminium Case with Starlight Sport Band - S/M,,GPS + Cellular,,,,,"32,900.00"
APPLE,WEARABLES,Apple Watch,MXGU3HN/A,Apple Watch SE GPS + Cellular 44mm Starlight Aluminium Case with Starlight Sport Band - M/L,,GPS + Cellular,,,,,"32,900.00"
APPLE,WEARABLES,Apple Watch,MXGV3HN/A,Apple Watch SE GPS + Cellular 44mm Starlight Aluminium Case with Lake Green Sport Loop,,GPS + Cellular,,,,,"32,900.00"